Day,Player,Result
2021-04-30,284,0
2020-12-21,430,5
2020-05-28,699,9
2021-04-01,536,2
2020-10-31,349,1
2020-12-26,129,8
2020-07-03,971,3
2020-06-22,126,3
2021-04-04,869,2
2021-03-01,270,1
2021-04-24,715,5
2021-02-14,576,6
2021-05-10,729,0
2021-05-12,277,3
2021-05-19,459,4
2020-12-30,285,8
2021-02-06,650,4
2020-08-31,297,8
2020-12-04,602,2
2021-04-28,705,6
2021-04-06,856,9
2021-04-24,721,2
2020-07-23,563,2
2021-02-15,982,9
2020-08-09,377,5
2021-04-17,630,2
2020-10-11,953,5
2020-09-25,913,6
2021-02-10,969,6
2021-02-23,510,4
2020-08-19,882,6
2021-05-09,840,8
2020-12-01,891,4
2021-02-09,830,2
2021-03-03,355,1
2020-12-24,297,1
2021-05-21,848,2
2021-02-08,155,0
2021-02-03,18,3
2021-01-08,370,1
2020-09-07,990,9
2020-06-13,508,8
2021-03-18,575,3
2020-06-01,887,3
2021-01-21,416,6
2021-05-07,209,0
2021-02-16,462,2
2020-10-11,631,5
2021-04-10,638,3
2020-12-16,631,7
2021-05-05,949,4
2020-06-23,778,8
2021-05-04,477,6
2021-02-11,785,5
2021-05-01,432,6
2020-10-27,853,2
2021-03-16,780,0
2021-05-21,895,5
2021-05-10,113,3
2021-01-28,634,5
2020-08-22,476,5
2021-05-22,648,5
2021-01-04,559,7
2020-11-25,817,9
2021-03-31,467,9
2020-11-10,387,1
2021-02-12,535,6
2020-08-16,62,2
2021-03-06,287,0
2020-08-11,869,1
2021-03-19,1,4
2021-05-16,825,5
2020-07-08,80,4
2021-05-04,665,5
2021-04-17,767,1
2020-10-09,8,8
2021-04-13,425,3
2020-09-01,80,7
2020-11-23,175,7
2020-06-05,405,8
2020-12-16,191,2
2021-05-03,596,3
2020-09-09,171,0
2020-12-07,719,6
2021-02-14,691,8
2020-08-25,955,4
2020-06-03,718,8
2020-07-24,788,5
2021-01-05,738,3
2020-06-16,255,0
2020-06-20,216,6
2021-03-29,415,1
2021-01-03,472,1
2020-05-29,993,8
2021-03-15,285,9
2021-03-27,891,5
2021-04-28,155,6
2020-06-22,829,2
2021-02-19,431,5
2020-12-20,525,0
2020-09-01,40,8
2020-12-25,216,7
2021-04-20,388,6
2021-02-22,983,9
2021-02-02,856,4
2021-04-21,654,2
2021-05-19,943,5
2020-12-13,219,1
2021-05-12,6,8
2021-05-14,497,4
2021-02-16,782,1
2021-02-10,404,5
2020-06-26,704,7
2021-02-16,106,9
2021-04-10,682,1
2021-04-06,926,8
2021-02-01,180,9
2020-08-14,7,3
2021-03-05,806,4
2021-05-19,142,6
2020-07-30,674,3
2021-05-14,665,1
2020-10-11,879,0
2021-05-14,640,4
2021-02-15,577,2
2021-01-30,619,5
2021-05-01,450,9
2021-05-10,911,2
2020-06-19,804,1
2020-12-19,242,0
2020-09-28,750,5
2020-12-07,696,4
2021-04-04,263,3
2020-10-20,189,5
2020-10-15,786,9
2020-10-20,655,6
2020-11-12,859,6
2020-08-03,578,1
2020-12-17,666,3
2021-03-03,306,2
2020-12-19,995,5
2021-01-11,995,5
2020-12-06,382,9
2020-07-15,595,6
2021-03-18,262,0
2020-05-29,493,7
2021-01-13,915,8
2020-11-05,260,4
2020-08-12,354,8
2021-02-07,28,8
2021-04-13,146,9
2021-05-14,690,9
2021-03-15,450,5
2021-03-04,691,9
2020-12-23,700,0
2021-05-18,130,5
2020-07-03,14,0
2020-10-24,268,0
2020-08-20,589,7
2020-11-23,900,6
2021-04-25,564,8
2020-12-28,997,6
2021-03-14,764,6
2021-01-09,262,1
2021-01-20,22,1
2021-04-27,621,0
2020-12-31,984,9
2021-04-03,24,6
2020-09-28,253,3
2021-05-07,4,2
2021-05-01,385,8
2021-03-26,457,5
2020-10-02,217,8
2020-06-15,308,7
2021-04-21,715,7
2020-10-22,255,3
2020-09-11,941,1
2020-11-14,64,5
2020-09-28,142,3
2020-08-11,458,7
2021-04-23,675,5
2021-05-22,947,6
2020-10-25,208,7
2021-05-09,113,3
2020-10-15,647,2
2021-05-04,950,8
2021-04-25,844,0
2020-07-24,866,9
2021-03-03,352,0
2021-03-23,10,3
2020-05-29,341,8
2021-02-28,467,8
2021-04-20,56,8
2020-09-30,212,7
2020-12-30,523,0
2021-04-20,518,8
2020-09-29,671,6
2020-06-02,626,6
2021-03-25,632,7
2021-03-16,483,9
2020-08-06,738,0
2021-02-26,93,2
2020-12-16,40,5
2020-12-04,177,7
2021-05-19,30,9
2021-03-03,366,0
2021-04-08,807,7
2021-03-08,103,2
2020-10-08,0,1
2020-09-05,780,2
2020-11-21,969,2
2021-02-05,115,7
2020-08-11,653,8
2020-07-28,870,7
2021-02-07,323,8
2021-01-24,28,9
2021-05-16,568,7
2021-01-14,464,5
2020-12-01,519,8
2021-04-23,773,4
2020-08-26,745,2
2020-11-02,24,0
2020-12-09,920,3
2020-08-28,169,7
2020-07-09,233,7
2021-04-29,877,8
2020-11-10,809,0
2020-10-15,947,3
2021-05-04,537,9
2020-06-28,326,3
2021-04-26,480,3
2021-04-14,815,4
2021-04-17,117,7
2020-06-04,425,3
2020-08-28,841,4
2021-01-25,529,5
2021-04-14,532,1
2020-08-13,266,9
2021-04-06,548,8
2020-11-29,412,6
2021-04-27,332,1
2020-12-15,764,0
2020-12-15,445,8
2021-03-06,34,2
2021-04-25,749,8
2020-12-03,709,0
2021-02-12,401,4
2021-03-28,76,8
2021-05-08,468,4
2020-08-19,562,4
2020-06-23,210,9
2020-06-28,733,1
2021-04-21,650,0
2021-02-18,423,1
2021-02-22,371,0
2020-11-01,329,6
2021-03-31,909,7
2021-05-24,312,8
2020-06-17,785,8
2021-05-02,227,7
2021-03-16,54,6
2020-08-04,139,2
2020-10-22,535,8
2020-12-29,840,9
2020-11-29,579,8
2020-10-30,343,1
2020-08-25,588,1
2020-06-09,220,9
2020-08-09,970,5
2020-07-26,215,4
2021-02-13,753,4
2021-04-25,981,6
2020-05-27,209,9
2020-06-20,237,7
2020-10-07,781,5
2020-07-05,303,2
2021-04-12,94,3
2020-06-11,783,8
2021-04-20,170,5
2021-03-11,422,1
2021-04-27,371,6
2021-05-20,361,8
2021-03-01,413,7
2020-12-20,404,0
2020-09-06,661,4
2020-12-11,217,5
2020-12-12,416,7
2020-11-22,611,2
2020-08-01,292,9
2020-12-08,219,3
2021-05-23,982,6
2021-03-20,658,1
2021-01-08,551,7
2021-05-21,75,9
2021-01-18,901,1
2021-04-03,374,6
2020-10-21,738,3
2020-05-31,401,0
2021-02-03,413,9
2021-02-05,89,2
2021-03-14,830,7
2021-03-12,79,9
2021-04-07,544,0
2021-05-02,310,9
2020-10-27,163,8
2021-04-10,347,2
2021-04-27,304,1
2021-05-01,213,1
2020-08-29,966,8
2021-01-08,554,4
2021-04-06,106,9
2020-10-18,192,7
2020-12-15,779,8
2020-09-13,27,0
2021-05-24,186,5
2021-01-30,547,5
2020-07-26,948,0
2021-04-01,73,2
2020-08-11,782,7
2020-06-28,780,9
2021-04-28,719,4
2020-08-11,717,7
2021-04-10,11,5
2021-03-01,294,7
2021-04-21,276,5
2021-04-24,520,6
2020-09-19,900,2
2020-12-23,999,6
2020-05-26,985,7
2021-01-06,519,2
2020-12-08,244,1
2020-07-31,984,7
2020-10-13,603,0
2020-06-10,658,3
2021-03-19,715,4
2021-04-26,952,7
2020-06-18,974,6
2021-04-10,185,4
2020-06-18,273,6
2020-11-24,684,7
2021-04-13,199,8
2020-12-06,521,5
2021-02-18,439,1
2020-10-30,972,2
2021-05-06,592,0
2021-01-19,214,4
2021-05-05,730,3
2021-04-23,48,4
2021-04-22,610,9
2020-06-03,131,3
2020-12-21,594,2
2020-06-02,353,4
2021-04-24,548,0
2020-08-10,522,9
2020-09-25,238,2
2020-09-21,132,2
2021-03-09,514,6
2021-04-23,231,1
2020-05-29,345,6
2021-05-01,535,9
2020-09-08,99,1
2021-03-21,992,1
2021-03-05,796,1
2020-10-15,541,8
2021-04-19,226,9
2021-05-23,44,9
2021-02-18,502,5
2021-03-24,74,4
2020-07-12,442,3
2021-04-11,507,1
2020-11-11,650,5
2021-04-19,131,1
2020-10-29,575,1
2020-06-30,741,0
2021-02-13,622,0
2021-03-05,950,1
2021-04-30,104,6
2021-04-03,750,5
2021-03-26,242,6
2020-12-13,325,6
2020-10-01,956,0
2021-01-16,934,2
2021-03-15,841,6
2020-12-12,195,6
2020-08-13,778,6
2021-03-15,141,8
2021-02-06,371,4
2021-01-16,222,4
2020-08-07,498,1
2021-04-09,122,3
2020-07-07,127,4
2021-03-12,37,3
2021-03-04,669,8
2021-03-24,549,3
2021-04-18,366,3
2020-12-07,628,6
2021-05-11,221,5
2021-05-03,681,0
2020-10-23,697,5
2021-05-02,808,5
2020-05-28,524,1
2020-11-25,657,0
2020-10-05,809,3
2020-10-04,995,5
2021-05-04,393,5
2020-08-14,856,5
2021-04-26,728,3
2020-08-30,951,7
2020-09-16,290,1
2021-02-03,752,7
2020-07-05,282,2
2021-05-03,73,8
2020-06-11,675,2
2021-05-13,334,6
2020-05-29,291,0
2021-03-19,830,5
2020-10-23,816,6
2021-04-11,409,4
2021-04-03,672,7
2021-02-16,523,9
2021-05-09,469,1
2021-04-15,440,1
2021-04-06,554,6
2021-02-04,13,2
2020-10-28,469,1
2020-06-24,829,6
2020-10-19,35,4
2021-05-02,420,9
2021-05-22,627,0
2021-03-15,35,3
2020-12-02,815,9
2021-03-20,896,0
2021-05-05,325,0
2020-10-22,341,5
2021-04-05,427,5
2021-04-29,860,2
2021-05-04,815,2
2021-03-17,955,2
2021-04-24,254,5
2021-05-22,870,1
2020-08-20,817,8
2020-08-25,444,0
2020-12-24,174,2
2021-03-13,6,7
2020-10-08,119,3
2020-12-06,563,2
2021-04-22,221,0
2020-06-17,821,9
2021-04-19,359,3
2021-02-06,598,4
2020-05-25,958,2
2020-06-12,445,6
2021-04-21,4,2
2021-03-13,166,0
2020-07-16,190,1
2020-06-10,436,7
2021-02-23,746,4
2021-02-25,287,7
2020-10-02,606,7
2020-06-06,743,8
2021-04-14,432,1
2020-07-09,946,2
2021-03-19,941,8
2020-06-22,948,9
2021-04-26,455,4
2020-11-18,617,3
2021-03-11,521,6
2021-04-22,806,3
2020-12-05,849,0
2021-05-22,93,1
2020-10-01,645,5
2021-03-01,924,7
2021-05-09,209,5
2020-10-17,254,8
2021-05-17,198,5
2021-03-05,216,9
2021-04-17,676,7
2020-08-03,375,3
2020-10-03,804,7
2020-05-26,144,2
2020-12-26,817,3
2020-07-29,628,8
2020-11-10,144,0
2020-08-08,207,2
2020-12-20,709,3
2021-03-01,800,4
2020-07-30,929,0
2020-12-07,281,3
2021-03-05,162,2
2020-11-27,513,6
2021-05-12,876,9
2021-01-31,195,1
2021-05-24,372,7
2021-05-12,765,4
2021-04-15,337,4
2021-05-01,30,2
2020-06-07,348,4
2021-02-14,363,4
2021-04-23,433,2
2020-06-26,866,9
2020-06-26,221,4
2020-10-29,14,2
2020-08-14,306,2
2020-08-09,625,8
2020-12-12,732,8
2020-10-12,520,7
2021-04-05,785,7
2020-10-13,160,6
2020-06-13,900,5
2021-05-05,335,0
2020-08-26,79,9
2021-01-12,195,5
2020-10-16,652,8
2021-02-07,166,5
2021-05-03,725,1
2020-06-09,435,7
2020-09-05,927,9
2020-09-30,972,5
2020-09-04,202,0
2021-01-19,773,2
2021-01-07,81,4
2020-07-30,667,5
2021-05-12,966,5
2021-04-09,403,9
2020-08-23,817,5
2020-10-12,940,4
2021-02-17,20,9
2021-03-27,428,6
2021-01-13,539,7
2021-01-22,133,7
2020-06-16,22,8
2021-03-02,693,2
2021-05-14,713,2
2021-05-08,35,7
2020-11-17,944,7
2020-07-29,384,6
2020-08-27,71,8
2021-05-23,952,7
2020-11-29,175,1
2020-05-26,146,5
2021-02-23,381,9
2021-05-13,683,5
2020-08-21,974,2
2021-02-04,4,6
2020-11-12,723,2
2020-11-21,785,4
2020-08-12,559,5
2020-11-01,774,6
2021-05-03,155,0
2020-10-10,811,5
2020-09-12,127,0
2020-06-21,328,0
2021-05-24,405,0
2020-07-13,708,7
2020-07-22,366,4
2020-12-26,815,5
2020-11-12,471,4
2020-10-07,689,1
2020-12-12,449,3
2021-03-13,939,1
2020-10-17,122,0
2020-07-31,284,7
2020-06-07,855,8
2020-07-17,619,2
2020-07-23,238,3
2020-10-02,350,6
2020-08-17,401,3
2020-10-14,153,3
2021-04-18,345,6
2021-02-17,722,5
2021-01-28,892,4
2021-05-09,746,9
2020-12-07,353,2
2021-01-05,217,9
2020-10-12,139,7
2020-12-01,884,0
2020-06-10,943,6
2020-12-21,354,9
2020-06-23,94,7
2021-03-18,889,1
2020-08-28,356,1
2021-05-03,745,8
2021-04-03,567,1
2021-01-29,641,7
2020-12-22,803,1
2021-02-11,957,2
2020-08-11,914,8
2020-10-15,671,7
2021-05-21,20,4
2021-04-26,639,3
2021-05-05,596,0
2020-08-06,889,6
2021-03-31,820,0
2020-07-22,271,0
2020-06-07,642,3
2021-05-12,355,5
2020-09-22,406,1
2021-04-17,180,9
2020-12-25,588,6
2021-03-02,459,8
2020-09-11,881,2
2020-12-03,956,3
2020-05-30,244,3
2021-05-08,852,8
2021-05-20,725,7
2021-01-30,472,4
2020-12-16,138,7
2021-02-19,465,2
2020-06-05,320,4
2021-04-10,167,4
2020-08-12,431,3
2021-04-24,136,7
2021-05-20,187,7
2021-02-17,323,3
2020-06-04,248,9
2021-05-21,282,4
2020-11-03,422,5
2020-11-04,340,1
2021-03-11,474,2
2021-04-23,953,1
2021-03-25,383,5
2021-03-07,236,1
2020-08-26,274,0
2020-11-10,925,4
2021-02-13,330,8
2020-10-28,347,8
2020-06-17,945,4
2020-10-19,69,3
2021-04-25,70,5
2021-01-01,116,6
2020-12-19,583,2
2021-01-08,793,8
2021-05-01,592,3
2021-05-15,204,3
2020-12-20,768,1
2021-04-28,210,9
2020-10-26,461,5
2021-04-29,982,6
2021-03-15,104,6
2021-05-18,680,2
2021-04-22,48,4
2021-01-15,122,6
2021-04-05,476,3
2020-08-20,770,7
2020-10-30,505,3
2021-05-07,448,7
2020-06-13,946,7
2020-11-15,125,6
2021-04-23,144,3
2020-11-01,268,7
2020-08-30,869,5
2021-03-21,395,2
2021-03-14,491,7
2020-08-28,489,4
2020-08-13,537,3
2020-07-22,386,3
2021-02-22,334,8
2020-12-07,260,0
2021-05-10,244,5
2021-01-22,703,7
2021-03-24,433,1
2021-04-09,293,0
2020-05-27,32,6
2021-03-08,377,3
2021-02-10,261,1
2020-12-22,863,5
2021-03-30,423,1
2020-07-21,955,5
2020-12-20,865,6
2021-03-20,882,4
2021-05-21,76,2
2020-08-14,738,6
2021-04-21,134,3
2021-05-17,453,1
2021-05-23,53,6
2020-07-04,92,6
2021-01-03,485,5
2021-04-24,706,9
2020-08-19,335,7
2020-05-31,963,5
2021-02-18,984,6
2020-11-20,634,5
2020-08-12,136,2
2020-05-31,277,9
2020-12-23,685,2
2021-04-20,949,5
2020-09-05,380,1
2020-08-15,753,4
2021-05-03,505,4
2021-03-25,593,2
2021-05-08,793,2
2021-05-18,148,3
2020-08-04,357,4
2021-05-04,788,8
2020-12-19,651,3
2021-04-24,996,3
2020-12-09,255,3
2020-07-11,949,5
2021-03-11,549,4
2020-12-20,183,1
2021-04-08,621,7
2021-05-10,921,4
2020-11-25,243,6
2021-04-15,573,5
2020-08-25,506,1
2020-10-20,832,6
2021-05-07,565,5
2020-12-04,871,6
2021-03-28,195,9
2021-03-30,208,3
2021-05-24,260,7
2021-04-14,635,5
2021-04-11,554,1
2020-09-30,769,2
2020-11-10,95,7
2021-05-10,71,2
2020-11-13,408,6
2020-07-24,631,5
2020-06-13,805,4
2020-06-10,607,3
2020-09-16,200,6
2020-11-17,833,3
2020-08-15,902,2
2021-01-16,201,6
2021-05-24,755,8
2020-11-06,464,2
2021-02-22,540,5
2021-05-23,670,8
2021-04-21,556,7
2020-12-19,140,9
2021-05-07,954,4
2021-03-31,734,2
2021-04-26,99,1
2020-11-27,107,5
2020-06-02,779,3
2020-11-11,936,1
2020-06-24,463,0
2021-05-15,791,4
2021-04-05,152,7
2020-07-02,761,3
2020-08-02,803,2
2021-04-13,70,8
2020-06-17,272,1
2021-03-30,174,5
2021-01-25,153,7
2020-12-02,480,1
2020-06-27,236,8
2020-09-21,893,6
2020-08-28,475,4
2020-08-23,524,1
2021-03-04,679,2
2021-05-06,915,3
2020-09-14,553,5
2021-03-05,93,6
2021-04-16,469,4
2021-02-22,290,7
2020-05-31,781,4
2021-04-29,788,1
2021-03-25,819,1
2020-10-19,293,3
2020-06-01,263,2
2021-02-14,446,5
2021-04-20,319,1
2020-12-18,366,0
2020-10-07,189,2
2021-05-19,691,3
2020-10-21,293,0
2020-08-22,249,7
2020-12-21,805,2
2020-06-03,944,1
2020-07-19,877,9
2020-08-23,237,7
2020-09-23,705,3
2021-01-14,311,4
2020-11-24,602,6
2021-03-14,256,5
2021-04-09,383,8
2020-08-04,689,9
2021-04-17,908,6
2020-06-12,258,3
2021-04-27,65,7
2021-05-14,343,0
2020-12-14,967,6
2020-08-24,868,3
2021-04-29,242,9
2020-09-20,421,4
2021-05-05,857,1
2020-10-07,785,2
2020-07-27,892,8
2020-11-23,27,4
2021-05-20,258,1
2021-01-27,845,3
2021-02-11,574,6
2020-06-10,415,2
2021-05-11,729,1
2021-01-12,860,4
2020-10-01,119,4
2020-11-24,737,6
2020-07-13,56,4
2020-08-28,882,4
2021-02-08,557,3
2020-12-18,14,9
2020-12-21,544,2
2021-03-25,735,4
2020-12-28,581,7
2020-05-30,786,7
2021-04-13,509,9
2021-05-15,712,3
2021-03-07,100,7
2020-07-28,362,7
2021-03-29,372,3
2021-02-19,640,1
2020-06-05,642,0
2021-02-21,988,5
2021-02-27,667,7
2021-05-19,792,8
2020-07-20,275,8
2021-03-14,171,8
2021-04-27,496,1
2021-05-24,616,7
2021-03-02,188,2
2021-01-04,282,7
2021-04-28,178,6
2021-04-09,77,9
2020-06-25,287,7
2021-02-10,2,1
2020-07-12,670,3
2021-04-28,801,1
2020-10-18,71,5
2021-05-12,893,8
2020-07-21,827,8
2020-08-17,580,9
2020-08-02,716,7
2020-10-17,36,2
2021-03-18,721,7
2021-05-18,756,7
2020-12-30,548,7
2020-08-15,230,5
2021-02-20,483,0
2020-06-06,647,6
2021-04-21,488,6
2021-02-13,739,1
2020-12-23,298,6
2021-04-07,881,2
2020-07-30,394,3
2020-10-14,42,1
2020-06-09,419,8
2020-07-11,761,3
2020-11-05,236,9
2021-05-13,248,2
2021-04-22,858,2
2021-05-13,42,6
2020-12-13,84,1
2021-04-06,389,7
2021-01-15,165,8
2020-09-04,738,1
2021-03-01,947,8
2020-08-12,525,2
2021-04-18,12,7
2020-06-28,790,4
2021-03-11,580,8
2021-04-14,732,4
2020-09-02,387,1
2021-03-04,524,8
2020-10-08,318,2
2021-02-12,554,9
2021-05-05,447,9
2020-08-11,432,7
2020-09-16,718,7
2020-12-15,45,4
2020-09-17,187,9
2020-09-22,608,1
2020-09-17,860,1
2021-01-26,605,5
2020-09-02,911,8
2021-04-14,985,6
2021-04-19,815,3
2020-10-04,401,4
2020-11-25,708,6
2020-12-12,237,9
2021-01-17,531,1
2020-08-03,632,3
2021-05-20,570,3
2021-04-10,865,7
2020-11-01,978,1
2020-12-24,765,6
2020-08-01,612,7
2020-08-21,393,5
2021-04-07,951,7
2021-04-04,511,6
2021-01-30,857,5
2021-05-22,853,1
2021-03-10,862,3
2021-04-05,235,4
2021-01-14,297,8
2021-04-23,44,1
2021-01-27,451,8
2021-04-13,982,1
2020-07-28,75,1
2020-11-08,544,2
2021-02-27,818,7
2021-04-17,69,2
2021-02-15,500,2
2021-05-06,283,1
2021-05-13,544,9
2020-06-23,285,6
2021-04-01,365,4
2021-05-06,818,8
2021-05-10,21,5
2021-02-27,375,3
2020-06-05,693,4
2020-06-18,509,9
2021-04-24,622,7
2021-05-13,948,2
2021-04-18,111,0
2020-08-30,177,9
2020-12-11,428,2
2021-05-22,279,7
2020-12-15,260,1
2021-01-08,283,4
2020-11-10,32,2
2020-09-30,821,3
2020-07-28,304,1
2021-01-26,847,2
2020-12-21,39,1
2020-10-30,575,5
2021-04-30,894,5
2021-04-08,638,6
2021-05-18,979,1
2021-05-10,937,1
2020-11-28,658,5
2020-12-18,256,9
2021-01-04,902,2
2020-06-11,500,6
2020-07-20,812,8
2021-04-19,270,8
2020-11-23,378,7
2020-05-29,728,5
2020-12-17,969,4
2021-03-28,47,1
2020-10-04,0,6
2020-09-27,704,8
2021-04-30,153,8
2020-05-31,892,2
2021-02-26,690,6
2020-05-28,296,0
2020-12-30,394,1
2020-05-28,756,4
2021-01-25,527,3
2020-10-23,259,9
2021-04-30,20,1
2021-01-25,273,9
2020-08-07,257,8
2020-07-23,594,3
2021-04-29,789,1
2021-05-06,544,6
2021-03-03,671,5
2021-05-16,630,6
2021-04-23,73,7
2021-04-11,742,6
2021-05-14,247,7
2021-05-21,123,2
2021-03-20,192,9
2020-06-04,585,0
2020-12-19,708,0
2021-04-27,35,7
2020-06-27,923,0
2021-02-21,897,3
2020-08-02,248,0
2020-11-11,126,7
2021-03-11,21,3
2021-05-05,903,7
2020-08-18,417,3
2021-02-20,232,0
2020-09-02,603,0
2021-02-16,507,2
2020-06-04,348,5
2021-03-02,201,7
2021-02-11,833,6
2020-11-12,467,6
2021-01-17,445,8
2020-11-17,810,0
2020-10-07,268,7
2020-07-21,140,4
2021-01-21,31,7
2020-08-08,459,6
2021-04-28,148,1
2021-04-07,262,2
2021-04-07,502,9
2021-04-19,637,4
2021-05-23,241,0
2020-08-01,275,7
2021-03-04,305,0
2020-08-09,566,1
2020-12-20,673,3
2020-06-15,75,4
2021-03-31,249,5
2021-01-22,699,9
2020-06-20,548,6
2020-12-26,220,2
2021-02-28,94,0
2020-05-28,854,6
2020-10-18,731,5
2021-05-22,206,2
2020-07-25,105,1
2021-05-15,398,2
2020-06-27,374,3
2020-09-05,212,3
2021-05-08,221,4
2020-06-10,14,2
2021-01-17,263,6
2020-08-16,703,5
2021-04-15,801,2
2021-05-09,945,2
2021-03-26,318,6
2021-03-09,41,3
2021-02-20,134,7
2021-04-18,863,0
2020-06-13,981,7
2021-05-24,80,1
2021-05-05,730,6
2021-03-29,159,5
2021-01-08,646,9
2021-05-07,119,2
2021-04-28,450,2
2021-03-18,206,6
2020-11-28,466,6
2021-03-24,664,7
2020-07-10,207,1
2020-10-06,35,6
2020-09-05,493,8
2021-05-08,593,5
2020-11-30,214,8
2020-12-13,643,6
2020-07-25,158,8
2020-06-17,828,5
2020-10-04,303,7
2021-03-05,819,4
2021-02-19,804,7
2020-10-13,327,5
2021-05-16,826,4
2021-04-22,998,5
2020-06-10,973,7
2021-04-13,822,8
2021-04-25,686,6
2021-02-19,129,6
2021-05-23,391,6
2020-10-26,334,4
2021-05-10,997,8
2020-09-13,472,6
2021-05-21,300,0
2020-08-11,994,5
2021-02-07,360,8
2020-10-22,590,9
2020-08-22,967,0
2020-12-20,656,6
2021-04-10,361,5
2020-07-22,268,5
2021-04-14,764,7
2020-12-23,293,6
2020-12-06,215,7
2020-11-07,440,9
2020-12-18,331,0
2021-01-31,416,3
2020-10-31,165,2
2021-03-16,138,0
2020-12-01,99,9
2021-04-18,451,5
2021-02-08,590,0
2020-05-26,446,1
2020-05-25,561,1
2020-10-11,940,8
2020-09-06,279,6
2020-11-19,119,8
2021-02-22,214,7
2021-05-06,274,9
2021-01-27,462,6
2020-06-08,617,0
2021-04-18,47,8
2021-04-08,896,5
2020-07-02,503,4
2021-05-20,561,6
2020-10-24,85,6
2021-05-04,662,8
2021-05-10,553,8
2020-12-13,715,2
2021-03-05,570,8
2020-12-08,216,2
2020-10-10,918,6
2020-09-17,952,5
2020-08-28,779,4
2020-07-10,581,5
2020-12-02,289,6
2020-12-31,657,8
2020-09-16,215,2
2020-08-03,861,7
2021-03-26,63,1
2021-04-04,279,5
2020-08-14,449,5
2021-04-28,903,5
2021-02-28,352,8
2021-03-25,61,1
2021-04-08,112,2
2020-08-23,816,6
2020-06-18,542,3
2021-02-07,110,3
2021-02-06,184,4
2020-12-26,846,6
2021-04-01,384,5
2020-12-11,236,8
2020-11-12,549,1
2021-03-24,591,4
2020-10-14,286,8
2020-08-05,101,0
2021-01-02,360,8
2020-07-15,459,5
2021-04-19,978,3
2021-04-15,337,1
2021-04-15,888,1
2020-07-12,696,7
2020-08-10,756,6
2021-03-19,318,8
2021-04-20,364,1
2020-09-28,442,3
2020-12-04,997,0
2020-06-26,214,5
2021-05-17,145,9
2020-12-07,340,9
2021-04-28,602,3
2020-08-15,89,4
2021-01-14,409,7
2021-01-11,366,5
2020-10-15,870,9
2020-12-22,287,7
2021-02-03,896,2
2020-06-17,439,2
2021-04-08,617,8
2020-07-19,233,0
2020-11-07,421,1
2021-03-04,408,6
2021-02-27,235,1
2021-05-08,642,1
2021-01-06,921,0
2021-02-20,786,8
2020-10-18,195,4
2021-01-24,308,7
2020-11-18,199,9
2020-10-21,765,4
2021-04-22,749,3
2021-03-08,963,6
2021-02-05,219,3
2020-11-08,918,3
2020-11-01,110,1
2020-09-02,604,8
2021-01-15,793,6
2021-01-08,746,3
2021-04-10,664,5
2020-08-20,941,0
2020-08-09,183,6
2020-10-27,820,5
2021-01-02,745,2
2021-05-05,3,9
2020-12-23,788,8
2021-02-28,785,5
2020-06-11,726,2
2021-01-05,915,2
2020-10-12,966,0
2020-06-20,146,1
2021-02-25,364,5
2020-10-05,714,8
2021-01-13,442,3
2021-01-04,23,9
2020-12-13,576,3
2020-09-15,174,4
2020-07-17,442,0
2021-03-22,86,9
2020-08-18,363,2
2021-02-19,650,3
2020-11-12,602,7
2021-05-14,816,0
2020-06-15,651,9
2020-11-13,603,3
2020-10-13,704,7
2020-07-02,461,4
2020-06-07,615,8
2020-08-10,277,9
2020-11-02,995,8
2021-03-07,369,8
2020-05-28,53,3
2021-04-30,518,4
2020-11-10,74,7
2021-03-10,587,0
2020-12-10,324,5
2020-08-11,526,4
2021-03-23,776,9
2021-03-11,612,3
2021-04-13,637,4
2020-07-30,462,2
2021-01-18,567,3
2021-02-15,114,5
2020-08-25,157,4
2021-05-15,721,2
2020-06-03,470,2
2021-05-06,278,0
2021-02-17,64,6
2020-08-27,732,1
2020-10-18,798,6
2020-12-16,765,2
2020-07-21,74,9
2021-02-10,418,5
2021-03-23,174,8
2021-04-16,519,2
2021-05-06,112,1
2021-02-15,784,7
2020-08-15,211,9
2021-05-16,247,2
2021-01-31,164,8
2020-12-10,834,8
2020-08-19,557,3
2021-05-02,824,6
2020-08-16,666,6
2021-05-08,36,9
2020-12-20,585,6
2020-09-20,995,4
2020-10-20,37,9
2021-04-03,794,7
2020-06-20,561,1
2020-10-21,142,5
2021-05-18,671,4
2021-02-26,531,4
2020-07-05,176,5
2020-05-30,898,8
2021-03-27,394,1
2020-07-09,192,2
2021-03-04,308,0
2021-04-12,183,4
2020-09-03,23,9
2021-05-06,483,6
2020-08-14,391,4
2021-05-04,914,9
2020-06-13,990,8
2021-03-20,818,8
2021-05-01,346,6
2020-08-29,921,3
2021-01-26,78,4
2020-10-16,563,2
2021-03-05,123,8
2021-01-25,967,8
2020-10-14,748,3
2021-04-07,581,2
2020-07-22,447,9
2021-03-27,289,6
2020-09-01,265,5
2021-05-17,770,3
2021-04-26,995,3
2020-09-16,448,7
2020-09-21,344,7
2020-11-02,110,4
2020-12-02,771,2
2020-08-18,269,9
2020-11-30,0,8
2021-05-06,109,2
2020-11-27,767,2
2021-03-06,193,8
2021-03-01,30,2
2020-10-11,26,8
2021-04-13,311,3
2020-06-21,520,4
2021-03-25,812,7
2021-04-08,617,7
2021-05-05,50,6
2020-08-26,985,2
2021-01-26,27,2
2021-04-13,565,1
2021-03-28,967,9
2020-10-04,562,5
2021-02-16,28,1
2021-02-24,377,1
2021-03-03,540,0
2021-05-14,339,8
2020-12-08,405,8
2021-03-14,939,6
2021-05-02,136,7
2020-06-21,510,3
2021-05-16,921,3
2020-08-09,457,2
2020-12-18,904,7
2021-02-03,253,2
2020-07-23,881,4
2021-02-23,209,3
2020-06-07,213,2
2020-08-17,393,8
2020-06-11,158,4
2020-09-21,692,1
2021-02-17,129,5
2020-07-27,991,5
2020-06-25,833,9
2020-10-02,265,7
2020-09-28,701,4
2021-04-29,919,1
2021-04-04,673,6
2021-03-12,78,6
2020-08-21,217,0
2020-12-05,847,9
2021-05-14,749,5
2021-04-04,254,3
2020-06-04,237,1
2020-10-05,147,3
2020-07-27,692,2
2021-05-09,858,6
2021-04-25,301,6
2021-04-02,230,1
2021-04-17,596,4
2021-05-14,137,6
2020-12-17,469,7
2020-10-26,872,6
2021-04-14,542,5
2021-03-08,874,3
2021-02-26,400,0
2021-04-26,602,4
2021-03-29,83,1
2021-03-20,326,1
2021-01-07,311,8
2020-06-27,959,4
2021-02-24,691,7
2021-05-19,296,6
2021-01-14,596,6
2020-10-27,844,9
2021-03-29,394,8
2021-03-02,846,9
2021-03-29,120,6
2021-04-15,885,1
2020-11-06,688,9
2021-04-21,762,2
2021-05-13,429,3
2021-01-08,304,0
2021-02-02,51,8
2020-09-10,388,6
2020-07-03,171,8
2020-09-27,631,5
2021-04-29,878,1
2020-07-05,773,5
2021-02-23,337,5
2021-05-11,893,8
2020-09-26,796,7
2021-04-05,405,6
2021-05-08,9,8
2020-12-30,658,8
2021-05-12,918,0
2020-08-23,305,5
2021-04-22,407,2
2020-10-25,996,0
2021-05-04,215,9
2021-03-06,619,9
2020-07-03,733,4
2020-10-25,967,9
2020-12-19,309,5
2021-01-14,798,3
2020-10-28,542,0
2021-05-13,27,1
2021-02-08,407,1
2020-12-15,853,1
2020-09-03,713,6
2020-12-24,575,5
2021-04-09,941,7
2020-09-19,910,1
2021-05-02,536,3
2021-03-13,986,8
2021-02-17,657,2
2020-12-08,790,0
2020-10-29,684,6
2020-12-12,637,0
2021-02-05,365,0
2020-06-13,571,3
2021-05-13,268,4
2020-09-08,403,4
2021-05-11,272,8
2021-04-03,708,7
2020-07-01,378,6
2020-06-13,324,0
2020-12-24,133,2
2020-08-31,647,0
2020-08-29,299,7
2020-12-28,192,5
2020-10-02,933,6
2021-04-22,813,5
2021-01-02,630,6
2021-05-03,513,0
2020-09-08,963,7
2021-04-02,670,5
2020-10-14,31,1
2020-08-18,189,4
2021-03-11,3,4
2021-05-07,284,8
2021-05-15,238,9
2021-04-22,6,2
2020-12-27,278,7
2020-12-02,656,4
2020-10-20,2,7
2020-10-29,236,5
2021-01-27,966,8
2021-01-24,50,1
2021-01-31,472,1
2021-01-05,908,3
2021-03-17,634,4
2021-02-17,573,3
2021-02-25,481,3
2020-12-31,526,1
2020-10-10,675,2
2021-04-24,540,5
2020-12-09,766,7
2020-11-15,830,3
2021-01-20,568,8
2021-04-22,925,3
2020-06-01,159,9
2021-01-11,213,9
2021-05-07,80,9
2020-06-15,217,2
2020-12-18,32,4
2020-07-06,684,6
2020-08-06,531,3
2020-06-17,225,6
2020-08-14,7,3
2021-01-30,514,2
2021-02-16,70,0
2021-02-06,378,1
2020-11-20,396,0
2021-04-10,252,4
2021-02-02,154,9
2020-08-21,247,1
2020-08-26,302,4
2021-02-19,880,7
2021-03-03,991,6
2021-01-29,954,6
2021-02-16,958,6
2020-12-15,173,8
2020-11-29,933,8
2020-10-21,58,8
2021-05-15,572,9
2020-06-03,608,1
2021-04-25,625,0
2020-08-06,100,7
2020-12-16,764,3
2021-01-11,618,7
2020-06-03,933,9
2021-02-11,859,8
2021-05-19,244,4
2021-05-20,208,9
2021-05-12,495,0
2020-12-25,910,9
2021-05-24,798,1
2020-08-12,7,6
2020-06-25,780,6
2021-03-25,592,6
2021-02-17,878,3
2021-03-29,293,1
2021-05-16,624,1
2021-05-11,8,9
2021-04-05,788,9
2020-06-16,413,7
2021-05-10,502,0
2021-05-03,507,2
2020-08-29,519,3
2021-02-18,577,7
2021-04-18,503,3
2021-01-25,283,9
2021-04-19,515,4
2021-03-08,412,7
2020-05-30,814,4
2021-03-05,520,7
2021-04-15,762,9
2021-04-13,566,6
2021-01-07,676,4
2020-09-03,613,3
2020-11-09,768,4
2021-04-08,770,8
2021-04-18,901,0
2021-03-28,460,3
2020-08-13,892,9
2021-04-16,461,6
2021-05-23,192,5
2021-03-07,932,6
2021-05-05,21,7
2021-04-22,254,4
2021-05-18,518,5
2020-10-09,752,1
2020-12-02,782,5
2020-06-25,985,9
2020-08-20,346,5
2021-02-22,606,5
2021-03-31,959,3
2021-04-01,888,4
2020-10-25,921,9
2020-12-28,36,9
2021-01-24,418,2
2021-03-30,599,6
2020-08-11,159,9
2021-05-13,325,0
2021-02-24,846,4
2021-05-16,507,5
2020-11-30,281,2
2021-05-19,14,3
2021-02-20,338,4
2020-06-03,663,5
2021-01-30,634,1
2020-09-19,403,8
2021-04-08,922,9
2021-02-03,798,1
2021-04-26,108,8
2021-04-03,241,9
2020-06-10,974,7
2021-02-17,301,2
2021-02-08,493,2
2020-11-30,874,1
2021-04-30,897,1
2020-12-26,980,5
2020-12-22,206,2
2021-04-24,600,9
2020-08-14,652,2
2021-03-27,26,5
2020-06-01,670,8
2021-03-12,968,9
2021-05-22,939,5
2021-05-04,939,1
2020-05-28,478,2
2021-02-13,348,0
2020-09-03,501,0
2021-01-29,56,5
2021-05-12,670,1
2021-03-22,482,7
2021-04-26,912,5
2020-10-26,311,1
2020-12-10,612,3
2020-08-03,782,3
2021-02-28,871,3
2021-02-02,104,1
2020-10-25,118,2
2020-11-23,801,3
2021-04-19,738,2
2021-02-11,708,6
2021-03-28,933,5
2020-12-19,987,6
2021-02-03,817,3
2020-09-26,780,5
2021-04-06,180,8
2021-04-12,583,1
2020-10-19,55,1
2020-07-05,850,6
2020-10-29,508,4
2021-04-27,558,8
2021-04-28,306,6
2021-01-27,906,7
2020-07-20,614,3
2021-04-12,715,0
2021-05-19,960,1
2020-07-29,755,1
2021-03-28,602,3
2020-08-01,515,3
2021-02-15,992,2
2021-02-14,652,7
2021-04-30,383,0
2020-06-26,220,3
2021-05-23,82,5
2020-06-13,721,6
2021-04-19,715,8
2020-09-05,876,1
2020-08-04,581,8
2021-03-29,588,8
2021-01-07,467,3
2021-03-01,406,9
2021-05-18,363,8
2020-10-25,357,2
2021-02-21,592,7
2021-01-09,22,2
2021-03-03,637,0
2021-04-04,98,8
2021-02-21,317,8
2020-09-15,710,4
2021-01-27,512,7
2020-09-04,517,8
2021-04-12,402,8
2021-04-24,177,4
2021-01-19,984,2
2021-04-29,480,9
2020-09-17,940,3
2021-02-08,992,6
2021-02-22,516,5
2021-05-14,200,0
2021-02-07,813,9
2020-08-12,536,6
2021-01-04,950,2
2020-10-18,52,5
2021-04-05,802,7
2020-06-15,971,2
2021-04-28,541,4
2020-08-23,593,7
2021-04-16,125,4
2020-10-17,932,9
2020-09-09,933,5
2020-08-13,72,7
2020-11-28,464,3
2021-01-17,502,9
2021-05-15,911,0
2021-04-18,578,1
2021-03-21,927,0
2021-02-24,976,1
2021-04-30,129,6
2020-06-22,788,3
2020-06-03,942,4
2021-03-09,278,0
2020-06-09,81,1
2021-03-09,297,3
2020-06-16,569,1
2020-12-23,914,8
2021-03-18,37,1
2021-01-07,35,2
2021-05-19,102,6
2021-05-02,652,7
2020-08-17,503,0
2021-05-06,305,3
2020-06-07,319,0
2021-05-22,952,0
2020-09-16,548,8
2020-11-06,291,5
2021-02-17,965,8
2021-03-09,439,2
2021-05-02,657,7
2021-05-03,261,1
2020-09-24,995,8
2020-11-06,192,2
2021-02-15,334,6
2021-04-19,519,7
2020-10-13,310,5
2021-03-06,310,1
2021-03-01,646,2
2021-01-13,200,5
2021-04-26,171,7
2021-05-04,202,2
2020-08-05,288,0
2021-03-10,854,9
2020-06-12,179,5
2020-12-27,90,1
2020-09-26,591,8
2021-01-20,953,5
2021-01-05,113,5
2021-02-05,398,1
2020-10-28,876,1
2021-04-04,196,1
2021-04-25,902,6
2020-06-13,106,2
2021-03-10,192,2
2021-05-19,598,0
2020-12-09,517,1
2020-10-09,780,6
2020-06-30,273,6
2021-05-15,940,4
2020-10-23,763,1
2021-03-15,660,2
2021-02-17,238,6
2020-11-06,307,8
2021-05-01,911,7
2020-10-08,856,0
2020-08-17,999,3
2021-04-05,402,2
2021-02-16,602,3
2021-02-15,610,5
2020-10-30,132,0
2020-10-29,186,5
2021-04-17,245,5
2020-05-30,143,2
2020-12-26,619,8
2021-03-11,114,6
2021-05-03,906,2
2021-04-16,158,7
2020-11-05,248,8
2021-04-25,844,6
2021-02-08,862,5
2021-01-05,432,0
2021-02-19,992,6
2021-01-30,299,5
2021-05-08,464,8
2021-03-03,969,3
2020-05-27,255,6
2020-06-14,335,0
2020-06-01,326,1
2021-05-12,81,5
2020-12-21,98,7
2021-04-12,456,8
2021-04-10,361,5
2021-05-17,249,0
2021-03-30,523,5
2020-10-20,554,4
2020-07-25,733,1
2021-05-05,35,0
2020-06-06,982,7
2020-12-25,792,6
2020-12-18,676,5
2020-08-19,198,3
2021-02-10,22,3
2020-08-20,300,0
2021-02-03,115,5
2021-02-19,127,7
2020-12-10,675,0
2020-08-03,15,3
2021-05-20,236,4
2020-12-10,550,7
2020-06-29,159,0
2020-08-21,238,8
2021-02-03,284,4
2021-03-10,128,8
2020-09-29,99,4
2021-04-30,691,2
2021-04-07,512,3
2021-05-08,260,0
2020-08-27,593,4
2021-03-24,971,9
2021-02-04,80,8
2020-06-14,221,1
2020-10-08,695,2
2020-10-31,77,4
2020-10-26,772,2
2020-11-15,623,5
2020-08-09,578,5
2021-01-03,191,8
2020-07-24,399,0
2021-01-08,239,6
2020-08-05,567,6
2020-09-17,356,6
2021-04-03,405,3
2021-04-28,386,7
2021-02-15,175,5
2020-06-05,426,4
2021-05-16,408,9
2020-12-25,928,8
2021-02-21,417,8
2021-03-24,136,7
2020-12-08,170,5
2020-06-14,132,6
2021-05-24,577,5
2020-08-29,850,5
2021-03-02,626,6
2021-04-19,123,2
2020-10-21,624,0
2021-04-14,602,8
2021-05-08,291,3
2021-05-07,167,1
2021-04-29,220,5
2021-03-29,479,5
2020-09-16,190,4
2021-05-01,569,9
2020-06-09,596,7
2020-10-26,229,4
2021-05-21,867,4
2020-12-04,324,9
2021-03-02,763,3
2021-05-01,67,3
2020-10-11,564,4
2021-04-08,622,4
2020-06-09,662,2
2020-11-30,891,2
2020-12-20,656,3
2020-12-13,690,9
2020-09-30,332,8
2020-10-10,332,1
2021-04-25,442,2
2021-05-05,348,3
2021-02-19,629,3
2021-02-15,970,6
2021-02-20,604,5
2021-02-23,217,7
2020-12-29,446,0
2020-12-27,910,5
2020-11-11,84,0
2020-08-08,989,1
2020-07-26,976,7
2020-08-09,420,6
2021-01-06,171,2
2021-01-31,35,9
2021-05-06,615,9
2020-08-07,606,9
2020-06-23,302,6
2021-03-04,672,9
2021-03-08,631,5
2020-11-07,386,9
2021-02-09,45,2
2020-06-13,146,3
2021-03-11,434,1
2020-10-07,694,8
2021-05-11,411,5
2021-04-15,303,0
2021-04-13,28,4
2020-11-29,101,1
2021-05-06,304,6
2021-02-23,436,5
2020-08-10,908,7
2020-10-14,486,9
2021-05-02,744,2
2021-03-20,335,6
2021-01-24,131,5
2021-04-01,563,5
2020-10-06,381,5
2020-11-07,690,2
2021-03-30,490,6
2020-11-19,932,1
2020-12-22,665,4
2021-04-29,367,2
2020-11-09,767,8
2021-04-21,629,7
2020-11-20,107,9
2021-04-30,844,1
2021-05-15,123,2
2020-08-15,453,0
2021-04-09,232,6
2020-10-20,248,2
2021-03-11,701,1
2020-10-04,590,1
2020-09-20,301,5
2020-06-23,489,2
2021-04-01,689,9
2021-02-17,645,9
2021-03-12,530,1
2021-05-04,736,7
2021-01-20,330,9
2021-04-26,844,5
2021-05-19,35,7
2021-04-04,562,7
2020-07-29,251,2
2021-01-28,848,8
2020-11-24,887,0
2020-08-04,804,9
2020-11-24,604,4
2020-12-22,705,0
2020-06-28,428,5
2020-05-29,260,2
2021-02-27,588,8
2020-10-08,473,6
2020-10-09,125,2
2020-08-16,887,9
2020-09-16,203,0
2021-01-30,125,5
2021-05-22,26,5
2021-02-16,313,1
2021-01-29,822,3
2020-06-18,720,9
2021-05-01,652,5
2020-07-13,539,2
2021-05-22,172,6
2021-04-11,178,2
2021-05-07,714,6
2021-02-01,333,6
2021-03-23,921,1
2020-10-22,542,3
2021-01-18,966,2
2021-04-08,224,2
2020-06-06,417,3
2020-08-22,250,1
2021-04-29,58,1
2020-10-04,592,8
2021-05-23,9,0
2021-03-18,120,1
2021-02-10,999,0
2021-01-18,150,3
2021-05-24,800,3
2020-08-30,389,4
2021-03-13,862,4
2021-03-29,36,3
2021-04-23,766,9
2020-12-29,187,8
2021-02-10,790,9
2020-08-04,981,8
2021-04-20,460,7
2020-06-08,456,1
2021-05-01,627,4
2021-03-20,53,1
2020-11-27,963,5
2020-07-09,600,5
2020-08-11,0,8
2021-02-11,871,0
2021-05-19,41,0
2021-05-09,8,8
2021-05-21,934,0
2020-08-14,442,6
2021-05-02,213,5
2020-11-06,591,1
2021-02-24,166,3
2020-07-25,34,9
2020-07-26,56,0
2020-08-26,411,4
2020-09-18,464,2
2020-10-11,1,5
2020-08-28,521,8
2021-02-19,873,5
2020-12-01,786,4
2021-04-11,356,3
2020-12-20,72,4
2020-06-12,412,0
2020-08-07,340,1
2020-09-25,958,5
2021-04-17,956,9
2020-10-16,7,2
2020-05-29,656,6
2020-08-08,429,8
2021-03-07,532,2
2020-05-25,547,1
2020-06-01,420,8
2021-05-18,340,2
2021-02-10,159,9
2021-03-09,200,5
2020-08-28,929,3
2021-05-17,64,6
2021-02-21,802,0
2021-05-24,589,1
2021-04-16,984,2
2021-04-12,99,9
2020-09-23,335,3
2021-02-10,45,5
2020-07-21,725,5
2020-07-15,555,3
2020-10-29,563,5
2020-12-15,711,1
2021-03-13,529,1
2020-09-17,355,0
2021-05-02,303,8
2020-12-22,900,1
2020-06-08,490,5
2020-12-09,241,2
2020-10-27,391,1
2021-02-14,527,5
2020-12-03,612,3
2021-04-09,480,7
2021-04-20,936,9
2020-11-03,596,9
2020-10-30,89,6
2021-04-14,15,9
2020-06-15,735,1
2020-08-19,666,8
2020-12-07,907,0
2020-11-29,254,4
2021-05-23,484,7
2020-11-09,932,2
2020-12-23,877,1
2021-05-12,746,2
2021-02-08,539,1
2020-08-09,903,7
2021-04-15,831,9
2021-04-02,178,3
2021-03-24,429,9
2021-02-14,729,1
2021-04-05,29,4
2021-01-08,289,1
2020-10-20,903,9
2021-04-19,582,4
2020-07-04,356,0
2020-07-03,703,0
2020-06-22,89,3
2021-05-11,919,8
2021-02-20,402,6
2020-11-20,275,4
2020-11-29,901,9
2021-03-30,914,0
2021-01-03,745,2
2021-04-07,562,7
2020-06-10,798,0
2021-01-19,67,8
2021-04-05,91,7
2020-09-29,851,3
2021-05-15,969,4
2021-02-09,459,9
2020-12-18,506,6
2021-01-10,870,2
2020-08-05,370,5
2020-08-06,46,4
2020-11-07,927,8
2021-01-15,429,2
2020-07-29,923,6
2021-04-23,391,9
2021-05-05,672,0
2021-05-08,685,2
2020-10-23,614,8
2020-10-17,770,1
2021-04-01,449,0
2021-02-15,268,5
2021-04-02,397,0
2021-04-27,836,4
2020-12-24,740,6
2021-05-07,458,8
2021-05-24,839,4
2021-02-21,289,1
2020-08-22,593,1
2021-05-13,940,6
2020-08-24,521,3
2021-01-04,136,5
2021-03-08,361,7
2021-01-16,133,8
2020-09-29,700,1
2021-03-23,424,5
2020-10-11,728,7
2020-11-24,247,1
2020-08-31,804,4
2020-08-06,713,2
2021-05-01,976,0
2021-04-27,26,4
2020-08-22,96,0
2021-01-21,863,5
2021-04-17,86,5
2021-04-17,750,5
2021-02-08,589,2
2021-04-28,440,7
2020-07-15,15,6
2021-04-22,608,5
2021-02-14,804,7
2020-12-04,150,8
2021-05-11,910,9
2020-08-30,163,3
2021-04-21,353,3
2020-09-20,252,4
2020-07-10,741,0
2020-10-19,995,6
2021-05-18,117,3
2020-10-08,26,0
2020-08-03,309,2
2020-08-27,559,8
2020-07-04,518,1
2020-11-22,238,3
2020-08-19,189,4
2020-06-14,885,0
2020-09-22,942,3
2021-03-20,107,6
2021-02-04,743,5
2020-07-26,544,5
2021-04-16,987,4
2021-05-16,121,4
2020-05-25,320,7
2021-04-03,53,4
2020-12-04,866,8
2021-03-08,868,4
2020-10-18,225,3
2020-05-27,669,3
2021-03-28,348,9
2020-08-17,712,3
2020-06-09,542,1
2020-09-15,572,7
2021-01-02,578,4
2021-02-17,545,1
2021-05-20,971,1
2020-10-19,148,5
2021-05-02,58,0
2020-12-21,642,5
2020-10-17,872,3
2021-05-22,214,3
2020-07-30,112,3
2021-01-03,684,4
2021-04-16,151,7
2021-01-01,818,4
2020-08-16,150,4
2020-10-22,300,5
2021-04-26,61,2
2020-05-26,235,8
2021-04-16,331,5
2020-05-29,578,0
2021-05-10,807,8
2021-01-03,32,3
2021-03-05,788,0
2020-09-19,243,9
2021-01-26,394,2
2021-02-05,873,0
2021-04-26,424,4
2021-05-01,140,8
2021-01-17,894,5
2021-04-02,771,8
2020-10-23,410,6
2021-05-07,652,2
2020-09-27,730,3
2021-02-21,765,0
2020-08-17,754,4
2021-02-05,585,1
2021-05-13,705,7
2020-06-09,637,8
2021-04-08,94,2
2021-01-30,20,7
2020-07-31,758,9
2020-06-14,429,7
2020-12-12,980,4
2021-02-01,59,1
2020-08-10,899,7
2020-10-13,209,3
2021-04-24,144,2
2020-06-04,922,0
2021-05-17,279,2
2020-10-25,578,5
2020-06-20,391,5
2020-11-23,433,2
2020-12-04,305,7
2021-04-08,770,8
2021-01-31,592,2
2021-04-12,168,0
2021-03-20,787,1
2021-04-06,330,4
2021-05-11,197,6
2021-03-08,502,3
2021-02-20,303,5
2020-10-05,305,3
2020-10-26,151,6
2020-06-02,499,6
2020-08-05,743,3
2020-12-23,547,0
2021-03-16,227,8
2020-07-24,717,5
2020-07-12,426,6
2020-11-22,345,0
2020-12-12,723,5
2021-01-31,844,1
2021-03-07,16,2
2021-05-09,936,6
2021-04-13,135,8
2021-02-21,827,4
2020-07-03,667,3
2021-04-03,182,3
2020-08-14,43,2
2021-02-18,199,4
2021-02-21,58,9
2021-05-10,512,6
2021-03-30,333,6
2021-05-09,360,1
2021-04-20,771,5
2020-12-17,971,0
2021-01-31,55,9
2020-08-23,16,9
2020-08-16,523,3
2020-10-03,467,7
2020-12-06,486,6
2021-05-10,64,9
2021-04-12,328,7
2020-10-31,883,1
2020-12-15,171,0
2021-03-01,645,1
2021-03-17,30,2
2021-02-20,101,5
2021-01-16,906,1
2021-04-05,154,0
2020-08-27,994,8
2021-03-04,172,2
2021-02-28,650,4
2021-02-26,608,2
2020-06-29,490,2
2020-10-12,247,3
2020-09-10,476,7
2021-05-16,824,6
2021-04-09,523,4
2021-04-15,638,5
2020-09-30,213,5
2021-03-31,806,2
2020-12-09,828,2
2021-04-24,536,6
2020-08-22,638,9
2021-05-16,133,6
2020-10-27,258,8
2020-10-26,375,2
2020-12-14,163,0
2021-05-05,566,9
2021-05-08,208,0
2021-02-14,732,6
2021-04-26,896,1
2021-03-24,775,5
2021-04-22,413,2
2021-04-25,189,7
2021-02-08,931,6
2021-04-23,584,4
2021-05-17,492,7
2020-10-27,304,0
2020-08-05,234,6
2020-08-16,154,5
2021-05-13,935,4
2021-04-27,465,0
2020-09-30,861,4
2021-04-06,181,1
2021-03-23,931,9
2021-04-09,7,6
2021-05-04,639,4
2020-12-13,580,2
2021-03-31,458,4
2021-04-09,45,5
2021-02-27,51,6
2021-02-16,102,9
2020-07-01,396,2
2021-04-21,198,5
2021-04-20,793,9
2020-10-29,249,1
2021-03-26,765,1
2021-05-15,408,7
2020-12-14,97,3
2020-10-31,97,7
2020-06-08,979,9
2020-10-18,683,1
2020-10-03,803,6
2021-05-16,740,9
2021-02-26,135,7
2021-04-06,282,0
2020-10-28,589,6
2021-03-26,905,5
2020-08-29,2,5
2021-03-22,461,0
2020-10-22,391,1
2020-10-18,644,0
2020-10-11,647,4
2021-04-03,180,2
2020-10-23,699,7
2020-09-19,89,6
2020-12-28,947,7
2021-04-23,967,6
2020-12-06,860,3
2021-05-23,302,6
2020-08-11,401,9
2020-06-28,667,6
2020-12-15,35,1
2020-10-05,483,2
2021-02-09,880,7
2021-04-01,115,9
2020-06-21,108,2
2020-11-28,62,2
2020-10-10,68,0
2021-05-24,286,8
2021-03-31,157,0
2021-05-03,243,4
2021-05-01,941,7
2021-05-18,228,9
2021-05-08,222,5
2020-10-21,852,9
2020-12-15,223,0
2021-04-19,937,2
2020-06-24,43,5
2021-05-04,490,8
2020-12-30,345,1
2021-02-04,153,0
2021-05-20,353,7
2020-10-07,69,4
2020-06-02,315,0
2021-04-08,976,6
2020-06-27,992,9
2020-08-22,572,0
2020-12-14,494,2
2020-12-16,518,9
2020-07-28,629,1
2020-12-06,514,9
2020-05-26,940,1
2021-04-02,578,8
2020-12-31,681,2
2020-08-30,253,8
2020-09-12,309,0
2021-05-03,130,7
2021-04-20,104,5
2020-10-11,724,4
2021-01-21,298,9
2021-02-19,692,7
2021-05-11,509,3
2021-04-07,853,8
2020-09-07,348,8
2021-01-01,112,0
2020-12-31,148,7
2020-11-28,732,4
2021-05-15,11,4
2021-05-06,28,7
2020-07-31,267,3
2020-08-28,293,4
2020-07-21,101,0
2020-07-30,604,4
2021-05-03,361,1
2021-05-24,602,5
2021-04-14,907,6
2020-12-23,564,1
2020-06-20,568,3
2020-12-14,32,0
2021-04-15,73,6
2021-02-09,560,4
2021-04-01,603,5
2021-05-18,467,8
2020-10-24,69,6
2020-10-01,189,7
2020-11-15,821,3
2021-04-19,346,2
2021-02-02,731,2
2020-12-15,247,5
2020-12-26,767,1
2021-01-29,593,3
2021-01-09,693,3
2021-05-09,584,5
2020-12-04,347,1
2021-04-11,529,8
2021-04-13,355,2
2021-02-02,849,4
2020-09-19,970,7
2020-12-28,536,8
2020-11-26,124,0
2020-11-19,84,2
2021-03-06,11,7
2021-04-26,816,2
2020-08-11,49,0
2021-05-17,218,5
2021-05-11,287,0
2021-04-14,962,9
2021-01-23,589,8
2020-10-24,294,1
2020-12-25,378,4
2021-05-02,935,4
2020-08-13,776,6
2020-10-24,128,6
2021-02-13,171,9
2021-02-28,786,9
2021-04-19,758,7
2021-01-05,605,9
2020-06-13,724,7
2021-05-01,603,2
2020-08-10,952,8
2020-12-29,152,2
2020-05-28,601,0
2020-12-07,384,0
2021-02-21,136,6
2020-10-05,302,2
2020-10-21,299,3
2021-05-20,302,1
2021-04-05,217,7
2020-08-10,977,1
2020-11-04,354,4
2020-09-07,96,9
2021-05-09,670,5
2021-04-13,380,7
2020-07-28,933,5
2021-04-05,352,5
2021-03-05,56,4
2021-04-14,553,7
2020-08-08,976,6
2020-06-06,546,5
2021-03-28,994,0
2021-02-28,667,3
2021-03-29,331,3
2021-03-25,531,8
2021-03-12,278,3
2021-02-08,964,9
2020-08-21,152,2
2020-11-04,513,8
2021-03-25,360,1
2021-05-18,305,3
2021-04-30,180,5
2020-05-31,980,7
2020-09-05,424,9
2021-03-30,580,1
2021-04-23,841,9
2020-10-24,195,0
2020-12-25,463,9
2020-09-29,242,1
2021-02-11,360,2
2020-10-26,287,9
2020-06-04,342,1
2021-04-19,701,1
2020-08-23,262,8
2021-02-01,50,3
2021-05-01,170,1
2021-05-11,630,2
2021-01-06,892,8
2020-07-03,963,8
2020-08-07,145,7
2021-05-13,37,9
2020-12-26,222,5
2021-05-12,436,4
2021-01-17,376,2
2021-04-04,561,6
2020-07-27,191,3
2020-10-16,107,1
2020-10-30,45,0
2021-04-30,690,4
2021-03-13,156,7
2021-04-19,93,9
2020-08-03,857,3
2021-04-08,999,2
2020-11-19,351,9
2020-08-09,991,3
2020-11-16,729,7
2020-10-05,332,3
2020-10-01,991,4
2021-02-22,71,8
2020-09-18,535,4
2021-05-14,51,0
2020-10-31,859,6
2021-04-17,971,6
2021-04-07,376,1
2020-10-14,304,1
2020-08-28,652,2
2021-04-28,967,3
2021-04-23,408,6
2021-03-19,995,3
2021-02-04,900,0
2021-02-12,638,9
2020-12-09,694,5
2021-05-15,671,5
2021-05-08,516,3
2021-03-02,309,7
2021-02-18,26,0
2020-12-14,638,5
2020-12-25,124,2
2021-02-25,555,2
2021-05-04,851,6
2020-10-16,879,9
2021-01-07,874,0
2021-04-16,399,6
2021-02-01,630,2
2021-04-12,112,7
2020-11-15,716,3
2020-08-18,915,9
2021-05-11,85,6
2021-04-09,181,7
2021-03-15,761,8
2020-10-10,115,4
2020-06-18,38,6
2021-03-19,173,5
2020-06-03,360,8
2020-12-08,703,0
2020-06-15,590,0
2020-06-01,844,3
2021-03-24,679,0
2020-12-29,996,4
2021-02-12,740,3
2020-12-24,593,6
2020-07-18,698,7
2021-04-17,360,3
2020-11-06,569,1
2021-05-09,313,3
2021-03-19,941,5
2020-08-09,948,1
2020-07-18,559,1
2020-11-19,359,6
2021-05-03,86,3
2021-02-01,961,3
2021-02-05,732,0
2021-02-07,539,6
2021-04-08,734,7
2020-06-27,504,9
2021-03-23,842,0
2021-04-24,897,3
2021-01-29,753,0
2020-11-13,476,6
2020-11-24,293,9
2020-09-23,211,4
2021-03-30,51,7
2021-01-20,798,4
2020-08-30,118,9
2021-04-06,280,0
2021-04-15,355,7
2020-09-05,9,7
2020-06-21,412,1
2020-10-04,58,0
2020-12-09,125,8
2020-10-17,323,4
2021-05-13,255,1
2020-10-01,153,4
2020-10-31,43,5
2021-03-21,805,1
2021-04-25,930,6
2021-01-01,972,6
2020-08-15,721,8
2020-12-30,238,4
2020-10-03,802,6
2020-08-12,929,8
2021-04-07,765,4
2021-03-13,367,4
2020-12-18,533,4
2020-12-31,820,5
2021-05-22,434,0
2020-07-22,645,3
2020-10-08,162,0
2021-05-14,396,4
2021-05-20,394,4
2020-08-07,994,1
2020-11-06,646,9
2021-01-15,324,0
2021-03-05,371,4
2021-03-07,945,1
2021-02-26,53,2
2021-04-02,153,2
2020-08-21,657,4
2020-06-05,518,3
2021-05-14,745,4
2021-04-17,649,9
2021-04-19,808,0
2020-09-05,191,6
2021-05-09,270,0
2020-05-26,978,7
2020-08-17,952,6
2020-06-03,467,8
2021-04-18,670,2
2021-05-06,322,4
2020-06-14,637,2
2020-12-13,273,1
2020-07-17,723,3
2020-06-09,983,7
2020-06-21,704,4
2021-03-16,44,9
2021-01-07,654,9
2020-08-08,709,3
2021-04-11,795,3
2021-03-11,992,3
2021-03-21,184,6
2020-12-16,837,4
2021-04-05,589,6
2020-12-21,920,2
2021-01-24,207,7
2020-07-22,725,0
2020-12-29,407,1
2020-05-28,659,7
2021-05-09,7,3
2021-04-08,423,0
2020-10-14,226,3
2021-04-13,465,2
2021-04-23,361,3
2021-03-09,882,0
2021-05-17,352,4
2021-02-21,44,5
2020-07-23,827,1
2020-09-18,837,1
2021-04-04,586,9
2020-09-20,762,8
2021-03-10,442,9
2020-08-31,838,9
2020-10-18,821,3
2020-11-19,489,5
2021-02-03,914,5
2021-05-16,877,8
2020-08-03,969,3
2020-12-03,853,9
2020-10-02,174,8
2021-03-13,43,4
2021-02-11,154,9
2021-02-24,422,5
2021-04-29,49,7
2021-04-25,963,7
2021-02-12,356,3
2021-04-21,720,8
2021-05-06,710,2
2020-12-17,376,7
2020-08-07,817,8
2021-03-19,935,4
2021-01-15,851,0
2021-03-09,156,4
2021-05-14,589,5
2020-10-18,646,2
2020-09-27,388,0
2021-04-19,798,7
2020-10-16,59,8
2021-04-30,796,1
2021-01-01,424,8
2021-02-26,715,1
2021-04-20,524,2
2021-02-22,521,9
2020-12-27,608,2
2021-04-30,355,8
2020-09-04,272,8
2020-12-08,641,7
2021-03-17,401,7
2021-04-24,52,9
2021-04-25,526,2
2021-02-19,235,1
2020-09-11,149,5
2021-05-23,437,6
2021-05-12,365,5
2021-01-13,765,0
2021-02-22,102,5
2020-06-08,686,2
2020-08-02,524,1
2020-09-30,310,6
2020-12-25,250,2
2020-10-13,454,0
2021-03-17,672,8
2020-10-23,266,2
2021-02-23,709,4
2021-03-07,712,3
2020-10-06,643,5
2020-08-26,911,2
2021-03-17,354,2
2021-04-05,470,3
2020-06-09,611,6
2021-03-14,839,5
2021-01-26,919,9
2021-05-21,986,4
2021-04-29,787,0
2020-08-09,422,6
2021-03-11,538,7
2020-10-19,351,2
2020-10-08,6,6
2020-07-18,603,7
2020-10-05,530,2
2020-08-19,585,7
2020-09-12,411,1
2021-05-06,417,5
2021-05-12,933,3
2020-12-26,705,8
2021-01-01,652,9
2020-06-07,697,5
2020-08-24,304,2
2021-03-10,789,3
2021-04-25,63,3
2021-05-16,838,7
2021-04-26,847,5
2021-03-30,116,1
2021-02-23,450,7
2021-04-13,675,5
2020-09-20,877,0
2021-04-15,335,8
2020-08-10,362,5
2020-06-12,680,5
2020-08-21,158,7
2021-04-16,747,8
2021-03-27,753,5
2020-12-18,90,7
2020-12-09,64,8
2020-06-26,776,6
2020-11-13,208,4
2021-05-01,155,1
2020-08-07,779,0
2020-06-18,704,8
2021-02-03,570,2
2021-04-29,749,0
2020-12-12,613,6
2020-11-21,829,0
2021-04-13,733,9
2020-08-17,145,9
2020-11-21,163,2
2021-02-26,763,4
2020-12-14,606,7
2020-12-02,170,1
2020-12-13,755,9
2021-04-05,825,3
2021-05-18,366,7
2021-05-13,801,4
2020-08-13,716,4
2020-11-08,21,0
2021-04-19,435,3
2021-05-04,757,8
2021-02-17,216,3
2021-01-16,359,9
2021-04-25,943,4
2020-07-28,233,4
2020-12-06,596,6
2021-02-19,98,3
2020-09-25,130,5
2020-08-11,524,2
2021-02-03,299,6
2020-08-21,371,1
2020-06-08,387,9
2021-05-07,791,8
2020-09-26,48,0
2020-12-20,768,8
2020-07-19,76,7
2020-06-05,845,1
2021-03-04,884,2
2020-09-24,927,9
2020-08-16,149,1
2021-02-25,743,1
2021-03-21,105,7
2020-12-17,671,3
2020-07-22,280,0
2020-07-26,336,9
2020-09-14,991,9
2021-04-29,895,8
2021-04-14,393,6
2021-03-15,569,0
2020-12-16,959,6
2021-04-28,292,8
2021-05-10,512,9
2020-06-17,948,0
2021-04-28,908,1
2020-06-01,196,9
2020-08-22,255,5
2020-08-04,616,7
2020-12-21,953,8
2020-07-31,186,5
2021-04-14,175,5
2021-04-23,397,1
2021-03-25,302,3
2020-12-05,675,7
2021-02-10,892,1
2021-04-17,115,4
2020-06-02,370,9
2021-03-23,519,0
2020-11-14,467,6
2021-05-06,21,5
2021-04-01,541,3
2021-04-26,326,0
2020-11-01,853,5
2021-03-16,472,6
2020-11-25,761,3
2020-08-18,835,2
2020-08-18,27,9
2021-02-24,254,4
2020-10-05,119,0
2021-05-16,266,6
2021-04-20,719,5
2020-09-29,963,7
2020-09-30,899,9
2021-04-06,352,7
2021-01-24,786,8
2021-04-13,612,2
2021-01-12,603,5
2021-04-12,718,1
2020-11-08,316,5
2021-05-15,870,2
2021-05-15,850,8
2020-08-11,508,0
2021-03-14,394,2
2021-04-17,318,8
2021-05-02,237,7
2021-05-02,476,0
2020-12-10,895,1
2020-12-29,644,9
2021-02-03,45,5
2021-01-23,692,3
2020-10-19,292,7
2021-05-17,727,2
2021-05-08,705,0
2020-12-18,644,0
2020-10-22,235,5
2020-06-08,499,4
2021-04-25,112,0
2021-04-04,972,2
2020-06-16,127,9
2021-04-21,135,5
2020-12-15,393,3
2020-10-19,549,1
2020-06-08,96,8
2021-03-02,295,5
2021-02-06,265,5
2021-04-30,370,2
2021-05-13,212,4
2020-08-21,379,0
2021-02-27,835,5
2020-10-26,56,0
2020-10-10,635,1
2020-06-16,252,2
2021-02-08,934,6
2021-05-01,266,7
2020-10-30,763,3
2021-02-27,959,9
2020-12-18,363,6
2020-10-14,876,7
2020-08-24,144,0
2020-07-20,825,3
2020-08-01,287,7
2020-09-22,663,7
2021-03-17,606,9
2020-12-07,89,5
2021-01-31,541,1
2021-05-06,879,7
2020-06-14,524,2
2021-03-28,929,7
2020-06-20,701,4
2020-09-14,358,3
2020-08-18,307,1
2020-12-09,627,0
2021-02-25,918,7
2021-03-29,724,3
2020-06-05,528,2
2020-06-11,39,4
2021-04-21,138,3
2021-01-02,961,6
2021-04-19,263,2
2021-05-19,328,7
2020-06-20,753,7
2021-04-24,302,8
2020-06-15,517,8
2021-04-28,331,0
2021-04-26,447,5
2021-04-06,776,2
2021-03-28,874,1
2020-10-18,721,5
2021-05-17,71,0
2021-05-05,220,9
2020-07-29,482,7
2021-02-27,101,3
2020-11-11,688,1
2020-05-31,715,3
2021-05-02,67,5
2020-07-30,901,9
2021-01-23,694,3
2021-01-14,68,4
2020-12-13,539,0
2020-12-05,996,9
2020-12-02,941,7
2021-03-04,159,6
2021-04-18,210,9
2021-05-09,633,1
2021-01-01,32,2
2020-09-24,574,3
2020-08-23,718,9
2020-10-10,95,3
2021-04-08,316,5
2020-10-06,907,5
2021-03-09,96,1
2021-01-29,485,2
2021-05-05,817,8
2020-10-30,854,6
2021-02-13,154,6
2021-01-14,606,7
2021-04-23,226,3
2020-10-01,662,1
2021-05-08,256,4
2021-04-01,855,9
2021-04-13,907,1
2021-04-27,229,7
2020-10-27,932,2
2021-01-21,215,2
2021-03-30,341,5
2020-12-09,170,2
2021-03-26,98,7
2020-09-23,265,5
2020-07-29,425,3
2021-03-21,205,2
2021-04-21,462,2
2020-10-11,939,2
2021-02-22,572,8
2021-05-21,538,2
2020-10-21,737,9
2021-03-24,605,9
2021-05-21,13,3
2021-05-19,106,6
2021-02-20,356,0
2020-12-19,868,9
2020-08-21,817,2
2020-08-18,821,9
2021-02-18,353,5
2021-04-16,328,4
2020-06-02,217,5
2021-02-24,725,1
2020-12-10,932,5
2021-05-21,558,5
2020-08-05,373,1
2021-02-03,643,7
2021-03-07,907,7
2021-04-14,407,8
2021-04-30,962,1
2021-04-28,913,3
2020-10-26,581,0
2020-10-12,412,3
2021-05-14,37,5
2020-10-10,863,0
2021-05-22,785,5
2020-11-17,329,7
2021-04-23,669,4
2021-04-06,446,9
2020-05-30,32,1
2020-10-17,360,2
2021-02-20,985,7
2020-09-15,407,6
2021-05-14,770,8
2021-03-05,994,8
2021-02-07,375,1
2021-05-01,201,2
2021-03-04,384,4
2020-08-13,247,2
2021-05-23,935,3
2021-02-26,877,8
2021-04-19,57,3
2021-04-18,7,9
2021-03-15,407,8
2020-06-15,857,3
2021-05-12,571,1
2021-01-21,549,7
2020-09-15,171,0
2020-09-11,610,6
2021-04-05,573,1
2021-05-20,15,5
2021-03-12,698,6
2021-04-20,964,1
2021-02-04,172,1
2020-12-08,913,2
2020-06-09,794,8
2021-05-18,667,1
2020-12-31,545,2
2021-04-21,957,6
2021-05-14,870,6
2020-06-26,134,9
2021-01-29,147,1
2020-07-31,442,3
2021-04-16,161,2
2021-05-04,962,1
2020-06-03,469,9
2021-02-03,42,5
2020-12-12,551,7
2020-10-05,457,1
2021-04-27,38,0
2021-01-15,408,0
2021-04-07,348,1
2021-05-15,126,8
2020-08-01,21,2
2021-02-16,347,8
2020-06-14,275,1
2020-06-10,140,1
2021-05-16,852,6
2021-03-01,345,7
2021-01-07,670,3
2020-08-04,388,6
2021-03-16,802,5
2020-10-12,779,5
2021-04-10,753,4
2020-06-20,702,3
2021-02-25,150,9
2020-09-25,878,6
2020-07-24,982,0
2021-05-23,187,5
2020-12-09,596,9
2021-03-28,219,7
2021-04-10,546,1
2020-09-23,723,3
2021-03-20,171,7
2020-12-05,311,7
2021-04-24,291,6
2021-02-06,600,9
2020-06-07,209,3
2020-11-12,944,9
2021-02-15,201,0
2021-03-28,611,6
2021-05-02,900,8
2020-08-03,836,0
2021-05-06,716,5
2021-03-13,637,6
2021-01-29,974,5
2020-12-14,399,7
2020-12-14,78,4
2021-03-03,266,8
2020-12-07,257,3
2020-10-20,530,7
2021-04-08,399,7
2020-07-25,85,9
2021-04-07,105,6
2021-05-18,491,1
2021-04-13,810,2
2020-08-21,31,0
2020-07-23,827,5
2020-06-27,173,6
2020-11-27,891,2
2020-10-22,322,4
2020-06-12,781,5
2021-01-26,24,8
2020-05-28,569,6
2021-04-11,163,2
2021-04-07,809,2
2020-10-19,387,1
2021-04-24,889,8
2021-01-22,389,6
2021-03-14,195,1
2020-11-01,308,0
2021-04-28,156,5
2020-06-19,873,2
2020-07-08,189,3
2020-06-14,912,3
2020-11-28,145,2
2021-02-26,981,9
2020-09-22,59,8
2020-06-21,615,5
2021-05-08,23,1
2021-05-18,822,2
2021-01-09,555,6
2020-10-04,474,4
2021-02-20,181,0
2021-05-23,562,0
2020-12-22,644,7
2021-02-26,584,6
2021-05-18,359,3
2021-04-22,388,4
2021-02-10,393,1
2020-12-08,172,6
2021-04-22,630,9
2021-03-26,897,9
2021-04-16,388,4
2021-04-14,183,2
2021-05-12,496,2
2020-10-27,774,7
2021-02-09,135,4
2021-04-08,513,9
2020-11-19,987,4
2020-09-03,916,7
2020-06-07,748,3
2021-04-07,801,2
2020-09-25,957,2
2020-07-24,588,5
2020-12-06,44,6
2021-02-13,122,7
2020-10-16,726,2
2020-06-09,594,3
2020-08-10,500,5
2021-05-22,381,8
2020-06-10,258,8
2020-10-22,400,6
2021-05-19,831,7
2020-09-17,537,9
2021-04-18,102,1
2021-04-27,369,8
2021-02-13,138,4
2020-09-29,183,2
2021-04-30,424,8
2021-03-25,270,8
2020-09-29,877,5
2021-01-27,307,8
2020-10-06,352,2
2020-11-25,52,5
2021-05-07,636,7
2020-08-29,484,0
2020-11-03,634,9
2021-03-18,855,9
2021-03-06,845,0
2020-08-15,426,2
2021-05-19,283,9
2020-10-28,715,0
2021-02-28,305,5
2020-06-12,637,7
2020-09-23,376,8
2021-05-22,68,6
2020-12-16,0,5
2020-10-25,170,7
2020-06-10,691,8
2020-07-30,786,4
2021-05-21,595,7
2021-03-13,466,2
2021-04-15,258,2
2021-03-05,102,4
2021-02-14,431,1
2021-03-04,159,7
2021-05-13,446,4
2020-12-12,603,3
2021-05-13,449,0
2021-01-30,819,8
2021-04-15,181,0
2020-08-12,283,4
2021-03-01,457,5
2021-03-20,672,9
2021-05-23,438,2
2020-10-17,912,6
2021-02-12,299,8
2021-05-24,113,3
2021-03-29,798,3
2021-05-17,978,4
2020-09-19,923,7
2020-06-07,145,8
2020-12-28,655,1
2021-04-12,930,6
2021-05-06,980,3
2021-03-29,878,1
2020-10-28,871,0
2021-05-15,835,7
2020-12-27,858,0
2021-01-20,892,9
2021-04-21,649,9
2021-04-06,719,9
2020-12-30,943,5
2020-12-08,367,5
2020-11-21,83,3
2021-02-09,342,4
2021-04-24,961,0
2021-04-15,624,9
2021-05-21,762,4
2021-01-04,270,4
2021-02-12,174,0
2021-04-16,427,5
2021-04-20,81,5
2021-03-31,826,4
2020-12-19,360,5
2020-06-29,733,0
2020-10-24,312,7
2020-08-31,168,9
2020-07-07,446,8
2020-12-27,362,5
2021-04-03,260,7
2021-02-02,692,2
2021-02-20,758,5
2020-10-14,358,6
2020-10-07,443,3
2020-08-12,472,0
2020-08-02,413,5
2020-11-18,330,3
2021-02-13,306,2
2021-05-21,425,6
2021-03-18,819,6
2021-05-02,732,0
2021-05-05,326,5
2020-10-04,594,9
2020-12-29,661,9
2020-07-29,13,3
2021-04-07,81,5
2020-12-11,34,3
2021-02-12,182,8
2021-01-31,215,0
2020-08-01,294,4
2021-02-15,622,2
2020-11-16,488,4
2020-08-12,456,5
2021-03-31,700,0
2020-06-02,306,7
2020-10-16,247,8
2020-12-28,195,1
2020-12-20,541,2
2021-04-26,806,8
2021-03-06,61,4
2020-11-22,313,4
2020-08-17,368,8
2020-07-27,991,1
2020-11-18,323,9
2021-01-19,915,9
2020-06-15,730,5
2021-05-21,464,3
2020-06-17,598,3
2020-12-14,739,9
2021-04-12,235,8
2021-02-04,444,0
2020-09-29,0,4
2020-06-28,928,1
2021-02-18,207,0
2020-05-29,534,3
2021-03-16,584,3
2020-12-11,269,2
2021-05-20,420,7
2021-05-07,281,7
2020-10-09,427,4
2021-04-17,121,7
2021-02-03,519,4
2021-04-15,230,3
2021-01-10,750,3
2021-04-20,273,8
2021-01-02,799,2
2021-05-03,892,5
2020-10-13,626,9
2021-02-27,591,5
2021-01-07,119,1
2020-06-21,39,0
2021-05-22,429,5
2020-10-24,0,2
2021-02-25,471,9
2021-01-06,814,3
2021-04-05,658,9
2021-05-16,359,7
2021-05-21,636,1
2020-09-06,824,1
2020-05-27,114,8
2020-06-08,482,5
2020-12-09,565,1
2020-11-03,400,3
2021-01-05,835,4
2021-04-10,44,2
2020-06-02,733,8
2021-04-05,692,1
2021-05-20,448,3
2021-05-03,232,5
2021-04-30,676,7
2020-08-02,352,0
2020-12-13,431,4
2021-03-14,734,5
2021-04-25,587,7
2021-05-22,147,8
2021-05-14,280,1
2020-10-15,944,6
2020-06-11,853,5
2020-08-11,581,5
2021-05-07,554,1
2020-07-05,631,7
2020-06-17,586,9
2021-05-02,748,3
2021-05-02,51,3
2020-11-20,91,0
2020-06-14,514,1
2020-10-03,439,7
2020-10-20,445,3
2021-04-10,445,9
2020-09-06,156,1
2020-06-12,509,3
2020-08-05,212,7
2020-10-17,101,5
2020-10-16,947,0
2020-10-02,938,9
2020-11-13,579,3
2021-04-07,735,6
2020-09-25,584,0
2020-12-18,317,6
2020-12-06,343,2
2021-01-29,62,8
2020-06-05,461,2
2020-11-30,417,3
2020-07-01,522,0
2021-04-21,18,7
2021-04-17,861,1
2021-05-03,372,7
2020-09-05,174,1
2020-06-17,273,5
2021-05-07,773,5
2020-08-12,81,2
2020-08-08,273,5
2020-12-05,388,5
2021-04-26,44,0
2021-05-12,568,3
2020-08-01,822,4
2021-04-06,64,0
2020-10-25,732,3
2020-11-01,827,5
2020-10-08,581,4
2021-02-14,535,4
2020-09-13,347,0
2021-05-17,511,8
2021-05-17,319,0
2021-02-09,678,3
2021-04-27,127,3
2021-04-17,203,6
2021-03-18,171,9
2021-05-18,287,3
2021-04-10,926,2
2020-07-27,466,2
2021-04-11,355,8
2020-06-04,755,2
2021-03-07,668,2
2021-05-21,94,0
2021-05-04,989,8
2020-08-23,443,6
2021-02-21,191,9
2021-03-03,31,6
2021-02-15,636,7
2021-05-02,425,8
2021-01-04,59,4
2021-04-20,566,7
2021-05-11,413,6
2020-12-25,468,1
2021-01-14,644,7
2021-02-10,50,9
2021-01-22,437,5
2021-05-08,400,0
2020-12-27,28,8
2021-05-23,695,8
2020-12-03,22,7
2020-07-23,282,2
2020-09-10,267,7
2020-12-11,543,7
2020-06-26,186,5
2021-05-01,979,2
2021-03-24,901,1
2021-02-16,998,0
2021-03-02,701,4
2020-08-16,930,9
2021-01-23,586,7
2020-10-14,727,2
2021-05-24,646,7
2021-05-17,935,3
2020-10-29,450,8
2020-10-07,271,0
2021-03-30,20,2
2021-03-25,801,9
2021-02-15,781,9
2020-12-22,578,4
2021-03-17,802,8
2020-06-23,415,8
2021-05-10,928,2
2020-12-11,386,4
2021-03-25,253,5
2020-10-08,675,5
2021-02-08,244,9
2021-02-14,99,6
2021-04-04,303,5
2020-10-17,820,6
2021-05-02,547,8
2020-10-20,767,3
2021-03-31,51,4
2020-08-20,931,2
2021-05-04,471,1
2020-07-21,870,5
2020-11-01,328,4
2021-04-01,509,8
2021-02-19,293,8
2020-06-04,835,8
2021-01-28,433,9
2021-03-11,197,1
2020-09-30,123,3
2021-04-07,917,0
2021-05-14,281,2
2021-03-07,230,3
2020-08-16,440,4
2021-05-12,536,1
2021-03-01,902,7
2020-12-11,209,6
2021-03-22,558,1
2020-10-17,149,1
2021-01-27,863,8
2021-04-26,391,6
2021-02-09,784,5
2021-02-14,736,9
2021-01-31,607,4
2021-04-11,934,0
2020-08-06,750,7
2021-04-15,334,1
2021-04-18,412,6
2021-04-11,191,7
2020-09-03,962,8
2020-08-17,689,8
2021-04-30,645,8
2021-04-09,311,8
2020-12-30,401,5
2021-04-23,895,6
2021-03-30,674,1
2020-06-14,814,2
2020-06-07,169,4
2020-05-30,723,4
2021-02-25,263,6
2020-09-18,486,1
2020-06-02,76,4
2021-03-12,920,0
2021-03-07,191,6
2021-04-12,366,2
2021-03-20,970,2
2021-02-23,941,0
2020-10-06,79,1
2021-02-08,842,9
2020-12-26,951,7
2021-01-28,222,1
2020-07-24,859,2
2021-04-30,571,4
2021-02-16,222,6
2021-04-18,214,5
2020-08-27,355,4
2020-12-21,991,7
2020-10-07,99,5
2020-06-21,930,9
2021-03-26,457,6
2021-01-01,147,3
2020-09-28,244,0
2021-01-03,937,5
2020-08-27,649,6
2020-10-19,127,9
2021-05-23,597,9
2021-04-02,448,8
2020-10-28,846,8
2021-05-23,481,5
2020-10-28,969,7
2020-12-20,483,5
2020-11-02,455,0
2021-02-16,151,3
2020-09-10,431,3
2021-04-11,938,9
2020-10-14,941,3
2021-02-02,850,7
2020-06-29,653,2
2021-02-21,944,7
2020-09-23,528,4
2020-08-18,138,3
2021-05-03,178,1
2021-03-07,268,9
2021-02-24,267,3
2021-02-07,508,1
2021-04-14,601,1
2021-04-02,168,1
2021-03-18,468,7
2021-03-11,165,2
2020-12-22,179,7
2021-04-29,499,2
2021-02-17,748,7
2021-05-12,320,2
2020-09-27,276,8
2021-02-20,181,8
2020-07-04,164,6
2021-04-09,981,9
2021-05-01,490,9
2021-01-11,517,5
2020-07-03,406,2
2020-06-29,670,4
2021-03-21,455,9
2020-07-27,71,0
2021-05-01,692,9
2021-02-20,533,4
2021-02-27,288,5
2021-02-14,440,7
2020-08-22,416,3
2021-05-15,191,8
2020-08-10,196,7
2021-05-10,341,1
2020-05-30,670,9
2021-03-10,520,6
2021-04-02,231,8
2021-04-16,599,3
2021-02-03,258,6
2021-02-09,159,9
2021-05-15,52,1
2021-01-31,673,0
2020-07-20,75,4
2021-04-22,36,0
2021-03-04,323,6
2021-01-10,191,0
2021-05-21,688,8
2021-04-30,353,0
2021-05-17,510,0
2020-09-04,77,6
2021-05-13,480,2
2020-07-03,865,1
2021-05-01,304,0
2021-01-29,61,2
2021-03-08,587,6
2021-04-18,239,5
2021-01-22,14,0
2021-05-09,746,2
2021-05-17,51,6
2020-08-10,33,3
2020-11-18,979,0
2021-04-28,300,7
2020-11-16,212,2
2021-05-03,6,2
2021-05-22,959,0
2021-04-09,159,1
2021-01-04,10,1
2020-12-07,858,6
2020-09-30,732,1
2020-09-16,550,4
2021-02-27,320,7
2020-11-30,534,6
2020-11-24,228,1
2021-04-17,379,7
2020-10-25,353,6
2020-09-23,101,0
2021-05-18,710,2
2021-04-30,535,1
2020-10-30,562,3
2021-04-22,801,5
2020-11-19,905,6
2021-03-15,750,3
2020-06-20,141,9
2021-04-02,996,6
2021-03-26,10,5
2021-04-24,174,7
2020-08-21,593,8
2021-05-17,126,0
2020-09-01,942,8
2020-10-26,36,3
2021-05-11,892,5
2020-06-09,933,9
2021-04-02,847,4
2020-06-01,838,7
2020-08-22,184,5
2021-01-18,414,8
2020-10-24,580,1
2021-02-12,89,4
2021-01-25,527,6
2020-12-12,260,0
2021-04-28,329,0
2020-09-02,832,2
2020-08-15,182,9
2020-08-17,863,4
2021-05-22,452,1
2021-02-23,104,1
2020-11-29,420,0
2020-09-10,759,6
2020-06-03,905,3
2021-01-13,652,7
2020-12-05,222,3
2020-10-01,37,7
2021-05-14,51,4
2021-04-25,721,6
2020-10-18,933,1
2020-08-23,751,3
2021-02-08,68,3
2020-12-10,683,2
2020-12-29,304,1
2021-04-18,88,5
2020-08-02,75,5
2021-05-13,928,2
2021-02-20,510,2
2020-06-15,308,2
2020-10-03,681,0
2020-11-13,163,6
2021-02-15,397,4
2020-06-30,644,3
2020-10-08,138,1
2021-01-04,189,7
2021-02-09,100,5
2020-05-25,769,0
2021-03-30,96,0
2020-07-22,677,1
2021-05-16,883,9
2021-02-18,554,7
2021-03-06,818,7
2020-09-26,507,1
2020-08-01,524,6
2021-03-21,595,7
2020-06-14,945,4
2021-01-27,462,3
2020-07-20,978,5
2020-05-31,833,4
2021-02-06,175,1
2020-12-17,413,6
2021-05-15,283,2
2021-05-11,612,9
2020-10-18,740,4
2020-08-17,213,3
2020-06-15,820,6
2020-07-27,652,0
2020-07-02,900,2
2021-01-10,742,1
2020-08-04,639,6
2020-12-18,649,2
2021-05-03,929,3
2021-05-01,965,3
2020-06-01,835,0
2020-10-19,264,1
2020-08-29,16,2
2021-04-30,313,4
2020-08-01,877,4
2021-04-22,783,7
2020-08-15,968,7
2020-07-26,649,4
2021-05-21,182,0
2021-05-23,489,8
2021-05-23,678,8
2020-08-15,486,9
2021-01-22,543,8
2020-11-18,344,4
2021-02-04,845,2
2020-12-14,348,4
2021-05-07,43,9
2020-08-03,417,0
2021-02-08,397,1
2020-12-23,665,6
2020-12-27,735,5
2020-12-08,582,7
2021-02-01,981,9
2021-05-09,941,0
2021-03-31,224,4
2021-04-02,42,4
2020-06-25,952,1
2020-08-19,971,1
2021-04-21,112,2
2020-06-22,232,2
2020-11-30,568,4
2020-11-25,513,7
2021-02-16,722,8
2020-08-20,755,2
2020-08-04,435,0
2020-12-05,967,9
2021-05-08,770,2
2021-05-18,567,2
2020-12-14,107,4
2020-11-07,516,3
2021-01-06,487,3
2021-04-17,816,0
2020-06-24,656,5
2020-08-22,725,3
2020-07-02,799,5
2021-04-14,366,5
2021-05-20,412,7
2021-05-11,95,3
2021-04-12,517,5
2021-02-13,190,1
2020-12-28,22,5
2021-05-16,933,4
2021-04-12,584,5
2021-05-04,648,7
2021-02-25,344,9
2021-04-25,57,0
2020-10-09,897,1
2021-05-02,358,3
2020-12-24,641,6
2020-09-16,586,4
2020-07-22,699,6
2020-06-19,727,0
2021-04-15,791,8
2021-04-18,890,3
2021-05-19,385,6
2020-12-06,783,9
2020-06-05,450,6
2020-06-09,851,2
2020-08-02,427,2
2021-04-02,54,2
2021-02-24,382,5
2020-07-27,467,0
2021-04-25,258,8
2020-08-23,698,6
2020-08-13,817,9
2021-04-12,49,1
2021-02-20,732,9
2020-12-31,585,2
2021-03-18,437,1
2020-12-12,862,7
2020-10-19,347,3
2021-04-23,491,0
2021-03-16,754,0
2020-12-02,886,8
2021-03-06,699,9
2020-12-21,680,4
2021-03-22,288,5
2020-12-19,181,8
2021-03-14,430,0
2021-04-15,16,2
2021-04-25,78,8
2021-05-06,499,9
2020-12-17,336,8
2021-05-08,797,8
2021-01-22,107,1
2020-06-21,887,2
2021-01-13,82,2
2021-02-01,534,6
2021-02-24,308,3
2021-01-06,446,0
2020-10-15,3,2
2021-05-07,20,7
2020-10-21,513,3
2021-05-19,840,0
2021-02-13,170,9
2021-05-12,319,1
2021-04-23,342,7
2021-04-12,397,0
2021-04-29,347,6
2020-08-04,306,9
2020-07-16,399,5
2020-06-07,388,9
2021-03-06,231,4
2020-08-09,321,7
2020-07-19,499,3
2021-01-12,823,2
2021-02-19,267,2
2021-05-02,134,8
2021-01-01,73,9
2020-08-14,902,7
2020-08-03,95,5
2021-04-21,871,2
2021-02-25,709,5
2020-09-28,509,3
2020-06-12,756,7
2021-04-07,598,7
2021-01-28,999,5
2020-12-17,106,5
2021-05-09,797,1
2021-03-03,517,6
2020-11-27,818,4
2020-06-01,427,9
2020-08-18,366,0
2020-06-15,796,2
2021-05-05,996,6
2020-07-30,368,5
2020-10-05,495,8
2021-01-05,278,8
2021-04-25,448,3
2021-04-06,482,1
2020-09-11,416,7
2020-08-07,221,5
2020-12-11,149,9
2020-12-10,59,0
2020-10-13,83,9
2021-01-09,539,0
2021-02-19,257,5
2020-07-28,588,1
2021-04-14,777,5
2020-07-26,379,2
2020-08-03,775,9
2021-03-29,690,0
2021-02-06,298,8
2020-07-21,793,7
2020-07-15,771,7
2020-07-31,777,4
2021-02-13,924,3
2020-11-07,600,4
2021-05-15,604,7
2021-04-01,631,5
2020-06-28,608,9
2021-03-28,37,9
2020-12-28,755,4
2020-09-03,663,0
2020-09-18,60,6
2020-10-12,717,7
2020-12-14,972,2
2021-02-27,754,1
2020-12-02,160,5
2020-06-02,738,6
2021-03-23,792,0
2020-08-14,391,4
2021-04-27,712,1
2021-03-04,456,8
2020-06-16,257,8
2020-10-04,925,4
2021-02-18,986,5
2020-12-24,216,5
2021-03-22,911,3
2020-05-27,766,5
2020-09-24,669,1
2021-04-02,392,1
2021-05-24,590,7
2020-12-26,399,9
2020-11-01,244,5
2020-07-19,570,6
2021-03-18,700,6
2021-03-26,696,8
2021-02-19,107,8
2020-08-15,711,6
2020-12-28,589,0
2021-05-23,696,4
2020-06-26,305,2
2020-06-09,278,7
2020-06-25,54,2
2020-12-27,298,6
2020-12-13,658,4
2021-05-20,798,3
2021-05-04,877,4
2021-05-16,233,2
2020-11-25,768,1
2021-04-14,492,4
2021-04-27,906,9
2020-12-10,73,9
2021-04-05,536,6
2020-10-13,765,5
2020-08-12,29,4
2020-12-15,870,9
2021-04-14,956,1
2020-06-01,954,0
2021-04-16,405,5
2021-04-04,981,5
2021-03-24,555,6
2021-01-14,745,6
2020-12-25,605,4
2020-12-27,528,1
2021-05-03,563,1
2021-05-13,492,4
2020-08-08,540,4
2020-08-05,533,9
2021-02-27,730,8
2020-10-06,681,2
2021-04-26,643,3
2021-03-01,345,0
2020-06-04,867,9
2020-12-06,743,4
2020-10-13,857,3
2021-03-24,500,5
2020-05-30,955,0
2021-05-22,740,9
2021-05-18,35,6
2021-04-28,789,2
2020-08-07,351,4
2020-10-18,98,0
2021-04-12,52,3
2020-12-17,118,1
2021-05-05,360,8
2020-07-17,707,5
2021-02-11,131,1
2021-04-20,461,0
2020-12-17,641,7
2020-09-22,916,4
2021-03-23,18,2
2021-02-20,54,0
2021-03-07,538,4
2021-05-12,635,5
2021-05-22,840,1
2021-02-10,933,8
2021-01-20,951,7
2020-10-12,321,6
2020-12-10,832,4
2021-05-20,671,7
2020-09-01,949,7
2021-04-18,465,0
2020-12-13,323,0
2021-04-24,296,4
2021-03-27,480,3
2020-10-11,355,5
2020-10-03,965,6
2020-06-08,638,9
2021-04-04,306,0
2021-05-01,827,2
2021-02-06,523,4
2021-03-04,495,6
2020-09-24,125,2
2020-10-23,140,0
2021-05-24,485,2
2020-12-11,204,0
2020-08-15,643,5
2021-02-28,489,6
2021-05-06,99,4
2020-08-05,340,6
2021-05-14,485,3
2021-05-17,572,9
2021-04-26,454,4
2021-01-21,865,7
2021-02-05,607,8
2021-02-23,833,3
2021-05-24,28,6
2020-06-20,97,9
2021-04-13,289,0
2021-04-23,168,0
2020-08-26,257,6
2020-07-31,401,9
2020-11-11,117,7
2020-12-03,930,9
2020-09-22,373,9
2021-04-17,381,7
2020-10-25,433,7
2021-03-02,243,3
2021-01-22,814,0
2020-06-02,844,2
2020-11-04,345,0
2021-03-30,941,6
2020-06-12,324,7
2020-06-03,742,6
2020-12-21,828,7
2021-05-10,516,9
2020-05-31,406,0
2020-08-05,57,5
2020-09-09,533,8
2020-06-29,740,1
2021-04-26,189,2
2021-05-08,121,3
2021-04-17,86,2
2021-05-16,942,3
2020-09-15,517,9
2021-01-03,693,0
2020-10-18,68,8
2021-04-16,946,7
2021-03-12,53,4
2021-03-23,865,8
2021-04-08,41,7
2020-12-13,122,1
2021-05-20,953,3
2021-05-19,52,9
2020-10-01,806,4
2021-04-07,402,1
2021-02-22,266,2
2020-12-11,211,4
2020-12-24,851,3
2021-04-18,432,0
2021-05-05,858,9
2020-10-31,402,9
2021-05-01,250,0
2020-07-28,391,3
2020-06-22,323,4
2020-11-29,710,1
2021-05-05,439,0
2020-08-08,7,0
2020-06-17,936,5
2020-08-26,572,8
2020-07-25,7,9
2020-06-06,633,3
2021-05-13,502,9
2020-09-06,730,7
2020-11-27,483,9
2020-10-25,622,3
2021-02-07,742,2
2021-01-22,67,5
2021-01-01,90,9
2020-11-14,27,8
2020-11-06,596,2
2021-04-29,620,2
2020-07-09,930,7
2021-04-08,201,5
2020-11-02,926,4
2021-01-20,207,2
2020-12-04,746,2
2020-08-27,161,9
2021-03-31,399,7
2021-02-26,243,6
2020-07-27,311,0
2020-08-04,132,7
2021-03-10,371,4
2020-06-25,103,1
2020-11-19,698,3
2021-05-21,881,3
2021-04-03,380,7
2021-04-15,263,1
2021-05-17,916,7
2021-01-27,907,2
2020-05-28,601,8
2021-02-09,698,1
2021-02-13,802,0
2020-12-04,529,4
2020-06-26,266,0
2020-12-26,212,7
2021-05-19,335,6
2020-08-12,762,1
2021-01-28,13,3
2020-08-18,195,3
2021-04-24,529,5
2020-09-11,535,3
2021-04-04,988,5
2021-03-07,321,1
2021-04-28,632,2
2020-12-21,318,5
2021-02-02,612,9
2021-05-09,336,7
2020-06-15,966,3
2020-08-31,339,4
2020-06-15,666,7
2021-01-17,388,7
2021-04-06,826,3
2021-04-16,60,6
2020-09-04,403,6
2020-08-02,554,2
2020-12-11,294,6
2020-07-31,466,5
2021-05-10,470,2
2021-01-25,369,7
2021-01-24,98,3
2021-04-13,761,5
2020-08-31,269,6
2021-04-12,156,9
2020-06-18,712,5
2020-10-05,964,4
2020-12-03,648,8
2020-12-15,828,4
2020-07-28,590,0
2020-12-27,971,7
2021-01-21,112,9
2021-05-18,33,2
2021-05-07,388,6
2021-05-20,791,1
2020-10-07,630,4
2020-06-22,91,2
2021-04-06,645,2
2020-08-25,138,9
2021-04-10,946,1
2020-06-19,255,5
2021-04-15,933,7
2020-12-15,448,5
2020-07-12,140,7
2021-05-01,476,5
2021-05-06,191,0
2021-01-15,134,6
2020-12-07,44,7
2021-05-07,622,0
2020-06-06,886,3
2020-11-23,23,2
2020-08-17,985,2
2021-02-26,808,5
2021-05-13,543,5
2021-01-25,798,1
2021-04-09,174,4
2020-05-25,231,2
2021-05-08,131,7
2021-05-20,774,2
2021-03-07,924,0
2021-04-19,867,0
2020-07-01,290,8
2021-02-28,677,8
2020-10-31,240,2
2021-05-07,89,6
2020-06-03,876,0
2021-05-17,404,5
2020-11-01,230,2
2020-07-10,822,5
2021-05-16,916,1
2021-03-22,790,3
2021-04-25,217,9
2021-02-06,281,8
2021-02-26,423,8
2021-05-03,451,1
2020-05-27,193,4
2020-12-08,213,2
2021-03-22,71,7
2021-02-02,763,3
2020-08-04,481,6
2021-04-10,905,3
2020-12-15,48,1
2021-01-18,266,6
2021-03-17,335,6
2021-03-22,363,0
2020-06-02,105,8
2021-02-01,899,4
2021-04-29,891,5
2020-10-12,326,0
2021-03-02,931,2
2020-12-25,614,1
2020-11-05,197,0
2021-03-01,850,6
2020-11-05,51,8
2020-12-12,67,1
2021-04-29,214,3
2020-08-06,974,7
2021-04-07,576,3
2021-04-20,160,3
2021-05-01,356,6
2020-08-25,135,5
2020-05-28,9,9
2020-11-19,755,2
2020-12-31,499,9
2020-06-24,753,4
2021-02-22,51,9
2021-04-29,866,5
2020-06-06,897,5
2021-03-22,660,5
2020-12-25,854,4
2020-07-24,845,5
2021-01-20,745,9
2020-09-23,63,5
2020-11-13,698,1
2020-09-09,606,4
2020-12-19,868,5
2021-04-20,729,5
2020-11-27,387,1
2021-05-07,79,8
2021-05-23,754,1
2021-05-18,970,8
2020-07-17,946,3
2020-07-01,265,9
2021-01-08,435,4
2020-07-07,61,9
2020-12-14,977,0
2021-03-31,30,9
2021-03-13,495,4
2021-02-28,332,9
2020-11-04,287,0
2020-07-01,728,0
2020-06-10,299,4
2020-06-11,145,0
2020-06-23,822,0
2020-12-25,800,6
2021-01-06,992,3
2021-05-10,689,2
2020-11-13,592,9
2020-11-23,640,4
2020-05-25,510,0
2021-05-22,472,7
2021-03-04,485,7
2021-02-28,405,6
2021-04-25,167,1
2021-04-10,751,5
2021-04-11,499,0
2020-06-16,379,1
2021-04-18,656,6
2021-05-04,728,5
2020-11-13,9,4
2021-03-26,661,9
2021-05-18,1,2
2021-05-08,747,6
2020-08-10,663,9
2020-06-19,118,1
2020-08-20,414,3
2021-02-14,984,1
2021-01-24,619,9
2020-06-05,391,6
2021-05-20,842,4
2020-09-28,977,9
2021-03-10,862,9
2020-06-24,758,8
2020-11-21,351,4
2020-12-07,244,4
2021-05-21,575,7
2021-03-14,809,5
2020-08-29,473,3
2021-05-07,495,2
2020-11-30,497,3
2020-06-15,171,7
2020-07-01,663,5
2020-12-03,284,3
2021-04-25,86,6
2021-05-15,271,3
2021-03-22,232,8
2021-04-13,919,4
2020-06-16,878,8
2021-01-09,831,0
2021-05-02,447,8
2021-04-06,688,5
2021-03-03,843,2
2020-10-12,54,2
2021-04-18,441,3
2021-05-20,169,0
2021-02-09,868,9
2020-11-22,861,2
2020-10-06,925,9
2020-06-06,492,2
2021-04-28,869,2
2021-03-16,870,1
2021-04-16,756,2
2020-08-18,426,3
2020-08-09,768,2
2021-05-20,434,7
2020-08-02,988,6
2020-12-26,640,2
2021-05-05,859,0
2020-06-16,249,9
2021-05-13,491,2
2021-04-26,257,6
2020-06-19,79,9
2021-04-25,307,1
2020-12-03,978,2
2021-05-21,708,6
2020-09-17,88,4
2021-05-22,484,3
2020-10-04,648,1
2020-12-07,997,5
2020-09-17,268,4
2021-02-27,988,8
2021-03-31,843,2
2020-10-14,701,0
2020-06-28,625,8
2020-10-09,890,6
2020-11-24,933,9
2021-04-14,716,1
2021-04-13,934,2
2020-10-06,540,5
2020-12-19,811,8
2020-08-08,528,3
2020-12-17,968,4
2020-11-16,481,9
2021-04-05,853,1
2021-05-10,264,1
2021-05-08,311,6
2021-02-27,529,4
2020-11-05,1,3
2021-01-27,982,7
2020-08-15,356,2
2021-04-27,106,1
2021-05-24,249,7
2020-12-07,233,0
2021-05-20,248,6
2021-05-21,783,2
2021-04-09,56,6
2021-05-04,954,2
2021-01-31,714,4
2020-12-24,3,7
2020-06-06,902,5
2020-10-09,660,3
2021-04-22,414,6
2021-04-19,953,1
2020-11-19,431,2
2020-09-21,858,4
2021-03-28,868,8
2020-10-24,71,6
2021-03-12,81,2
2021-04-24,176,7
2020-08-10,842,7
2020-07-30,677,2
2020-12-03,828,7
2020-09-02,564,5
2020-07-16,517,7
2020-06-19,625,8
2021-02-13,987,0
2021-04-20,297,5
2021-04-27,596,2
2020-12-12,16,6
2020-12-17,910,9
2020-12-24,283,5
2021-04-26,204,1
2021-03-12,745,5
2020-07-02,846,3
2020-06-04,336,4
2021-03-16,497,6
2021-05-06,727,2
2021-02-23,175,2
2020-09-10,115,5
2021-05-09,158,6
2021-03-01,40,0
2020-08-13,482,5
2021-04-24,622,0
2021-02-26,253,3
2021-02-11,483,3
2020-08-24,586,8
2020-07-03,446,5
2020-05-25,4,0
2021-05-23,350,1
2021-04-16,579,5
2021-01-16,582,8
2020-06-19,939,6
2021-04-09,605,6
2020-12-12,964,2
2021-02-01,575,1
2020-06-04,345,2
2021-01-09,79,4
2021-04-22,558,0
2021-04-22,598,9
2021-01-05,333,7
2020-10-17,882,1
2020-12-31,986,4
2021-02-25,284,2
2020-12-14,526,6
2021-04-30,407,7
2021-04-24,668,1
2021-01-26,3,9
2020-09-26,718,9
2020-12-20,82,9
2021-04-27,587,0
2021-05-07,898,7
2021-02-28,373,8
2020-06-19,780,6
2021-05-19,972,1
2021-01-16,949,1
2021-05-06,311,6
2020-11-07,520,3
2021-04-29,230,2
2021-03-19,941,1
2020-10-31,274,2
2021-05-03,854,5
2021-02-24,370,8
2021-03-25,3,5
2021-05-05,140,8
2020-10-18,185,3
2020-07-08,593,3
2021-05-01,578,3
2021-03-26,575,5
2020-06-26,312,9
2021-05-09,129,6
2020-10-11,451,6
2021-04-26,266,5
2020-06-12,917,9
2020-10-16,339,4
2020-12-16,824,9
2021-03-27,818,6
2021-01-02,733,5
2021-05-14,35,7
2021-04-18,892,4
2020-06-23,167,7
2021-04-30,426,5
2021-03-06,146,1
2021-01-12,202,3
2020-12-25,710,9
2020-10-04,512,7
2021-05-23,246,1
2021-05-01,200,2
2020-09-03,980,6
2021-02-24,859,3
2020-06-08,802,1
2020-12-03,850,5
2021-03-05,372,5
2020-10-19,540,0
2021-03-13,316,0
2021-02-27,301,3
2021-01-20,990,2
2021-05-20,297,3
2021-03-13,498,3
2021-04-17,304,9
2021-02-16,656,0
2021-04-24,676,1
2021-02-18,474,8
2020-08-19,155,5
2021-04-06,288,0
2020-07-09,88,4
2020-07-20,587,9
2021-05-12,593,8
2020-06-16,297,7
2020-07-08,154,2
2021-01-23,527,7
2021-05-22,995,4
2021-03-23,9,9
2021-04-15,474,2
2021-05-17,309,6
2021-05-19,723,3
2021-03-20,980,4
2021-03-13,411,0
2021-05-23,140,2
2021-04-07,467,1
2020-11-27,763,4
2021-04-26,486,7
2020-10-26,257,6
2021-05-24,794,2
2020-10-22,296,7
2020-10-13,885,1
2021-04-22,36,6
2021-04-03,621,7
2020-11-08,785,7
2021-01-28,767,1
2020-08-15,590,9
2021-05-23,786,2
2020-07-17,396,7
2021-01-23,693,5
2021-02-15,566,4
2021-02-27,527,3
2021-03-31,819,5
2021-05-19,478,4
2021-02-16,479,1
2021-04-04,873,6
2021-05-19,7,5
2020-07-04,783,2
2021-01-20,42,5
2021-05-01,341,2
2021-02-05,151,2
2020-10-26,844,2
2020-06-22,568,7
2021-03-10,862,4
2020-07-10,143,3
2021-03-26,799,8
2020-12-08,229,9
2021-02-23,996,1
2020-06-21,372,0
2021-05-14,473,5
2020-06-27,581,9
2021-01-05,881,9
2020-08-08,622,0
2021-01-19,433,5
2021-04-30,772,4
2020-05-26,387,2
2021-01-16,869,7
2021-05-22,604,1
2020-08-24,522,9
2020-06-10,584,5
2020-06-25,969,9
2020-10-05,900,6
2020-10-30,91,0
2021-01-13,945,2
2021-03-06,936,3
2020-12-10,390,5
2020-12-19,506,9
2021-02-11,985,3
2021-05-09,774,2
2021-03-27,327,7
2021-01-23,124,6
2021-03-19,776,3
2021-03-27,71,0
2020-09-09,666,8
2021-05-04,125,6
2020-06-02,539,2
2020-08-16,836,9
2021-04-03,79,6
2020-12-28,352,5
2021-03-17,905,7
2020-12-29,229,1
2020-12-21,399,4
2020-11-28,454,6
2021-02-07,483,6
2021-05-09,874,8
2020-10-06,275,7
2020-07-23,14,8
2020-08-19,193,3
2021-02-01,390,7
2021-02-01,419,9
2020-10-06,537,4
2021-04-25,853,3
2021-03-14,124,9
2020-09-01,652,1
2021-02-21,231,7
2020-07-30,639,6
2021-04-08,502,0
2020-12-31,725,2
2020-12-04,798,7
2021-01-06,653,3
2020-10-10,463,1
2021-04-16,751,1
2021-03-02,748,4
2021-03-30,241,8
2021-04-11,980,5
2020-06-14,543,8
2021-04-18,208,2
2021-03-29,416,4
2020-05-31,592,4
2020-10-07,239,1
2021-04-18,166,0
2021-05-10,28,6
2021-04-06,781,9
2021-01-25,307,8
2021-02-14,263,4
2020-06-16,474,3
2020-06-17,570,6
2021-05-03,499,2
2020-12-22,182,2
2021-04-11,644,4
2021-05-11,637,8
2021-04-09,949,5
2020-08-07,606,3
2021-04-08,823,4
2021-03-23,819,6
2020-12-08,645,7
2021-02-14,891,0
2020-09-03,802,2
2020-06-21,171,7
2021-02-17,240,9
2021-01-01,394,1
2021-04-27,100,0
2021-01-10,894,1
2020-09-24,854,9
2020-12-19,590,0
2021-02-18,744,5
2020-10-15,832,0
2021-03-25,529,7
2021-02-24,269,4
2021-02-17,977,7
2021-04-19,398,3
2020-12-16,401,9
2021-02-20,124,0
2021-02-04,511,0
2020-12-22,700,8
2021-04-22,670,2
2021-02-28,157,9
2021-05-11,535,5
2020-09-30,890,9
2021-02-27,175,4
2021-05-12,130,6
2020-08-12,543,7
2020-10-05,997,3
2021-02-21,568,1
2021-02-11,462,0
2021-01-10,197,0
2020-09-30,454,9
2021-03-30,49,3
2021-04-09,849,8
2021-04-29,695,5
2021-04-27,685,4
2020-06-01,359,0
2021-02-26,586,8
2020-10-02,18,4
2021-05-10,714,2
2021-02-20,239,2
2020-09-29,545,7
2021-05-17,813,1
2021-04-27,37,9
2020-10-07,347,9
2020-09-02,241,6
2020-12-10,281,6
2020-05-26,387,1
2021-05-16,782,9
2021-03-01,486,9
2021-05-20,445,3
2021-02-14,290,5
2021-05-23,820,6
2021-02-02,210,5
2021-02-02,552,8
2021-03-12,738,9
2020-08-16,507,6
2020-12-20,113,8
2021-05-19,372,7
2020-05-27,163,0
2020-08-17,911,3
2020-06-08,481,5
2020-12-12,756,1
2020-05-27,326,2
2021-02-02,81,4
2021-02-12,366,8
2021-01-25,182,8
2020-11-24,787,3
2020-06-17,783,9
2021-04-22,177,7
2020-06-19,435,7
2021-01-25,685,9
2020-12-06,470,1
2021-03-31,820,6
2021-03-22,602,3
2020-07-12,366,2
2020-10-24,651,0
2021-02-25,630,4
2020-10-04,541,5
2021-04-15,513,2
2021-05-18,839,8
2021-02-23,645,6
2021-04-21,433,8
2021-04-01,665,2
2021-05-10,269,2
2021-02-06,490,4
2021-03-25,924,2
2020-10-10,49,4
2021-04-03,146,6
2021-04-10,336,8
2021-02-26,469,3
2021-05-06,320,9
2021-01-19,561,3
2020-12-22,609,6
2021-05-18,4,1
2020-09-28,34,4
2021-04-03,660,5
2020-07-16,359,9
2021-04-21,911,1
2020-11-14,101,7
2020-10-29,538,8
2020-06-07,869,3
2020-10-07,99,4
2021-03-04,695,6
2020-08-23,256,3
2020-10-30,182,2
2021-03-12,906,0
2021-05-07,279,1
2020-06-04,816,2
2020-08-29,935,1
2020-07-05,319,1
2020-11-25,367,0
2020-09-07,904,8
2020-12-07,592,3
2021-04-26,27,9
2021-05-07,314,4
2020-06-19,543,4
2020-11-26,194,7
2020-05-25,210,1
2020-08-16,390,7
2020-10-07,733,3
2020-12-14,37,7
2021-04-21,224,3
2021-05-13,808,1
2021-02-17,97,5
2021-04-11,281,4
2020-06-01,768,2
2021-01-04,101,9
2020-08-21,643,5
2021-04-19,53,3
2021-05-22,594,9
2020-12-01,267,1
2020-06-11,829,7
2020-11-01,100,0
2020-11-24,575,9
2021-05-10,889,4
2021-03-06,630,1
2021-04-05,271,1
2020-10-09,6,5
2021-05-19,600,3
2020-11-14,428,9
2020-06-07,164,2
2021-03-21,354,6
2021-04-28,17,1
2021-04-18,536,4
2020-08-05,573,9
2020-11-29,232,4
2021-05-11,182,8
2021-01-01,36,4
2021-02-08,910,9
2021-02-21,549,2
2021-03-22,776,3
2021-05-12,124,7
2021-02-14,181,4
2021-03-12,840,8
2020-06-19,92,1
2021-05-20,717,7
2020-12-24,629,6
2020-12-16,480,1
2021-04-21,267,0
2020-07-07,837,7
2021-01-30,499,8
2021-03-16,181,2
2020-07-18,456,3
2020-10-25,872,7
2021-01-03,177,9
2021-05-20,706,7
2021-04-23,69,6
2021-05-07,221,3
2020-05-31,685,8
2021-04-28,873,7
2021-04-06,980,4
2021-04-04,287,5
2021-03-10,983,2
2021-03-29,881,1
2021-05-02,996,9
2021-02-08,1,6
2020-08-29,103,3
2021-04-21,695,3
2021-04-12,549,5
2020-06-08,542,9
2020-06-07,397,3
2021-02-06,31,4
2020-10-01,354,6
2021-01-02,319,1
2020-09-09,489,4
2021-04-06,780,8
2021-05-09,228,4
2020-08-16,910,1
2021-03-06,960,6
2021-05-03,163,2
2021-03-06,193,8
2020-10-23,371,1
2021-02-19,536,0
2020-08-24,913,5
2020-10-08,889,8
2020-08-04,472,5
2020-12-14,4,9
2020-10-12,429,4
2021-01-16,495,8
2020-08-18,847,2
2021-02-10,549,2
2020-11-07,98,5
2021-03-24,169,5
2020-06-20,64,4
2021-04-05,593,5
2021-02-18,278,0
2020-12-08,378,8
2021-03-10,665,9
2020-08-16,370,3
2021-05-14,688,2
2020-06-21,982,5
2021-01-31,563,8
2020-08-10,430,4
2021-03-10,321,6
2020-06-20,870,8
2020-06-14,460,9
2021-02-09,955,6
2020-07-27,716,5
2021-05-07,361,4
2021-01-02,789,5
2020-07-09,16,5
2020-09-29,578,4
2020-11-07,776,2
2020-11-27,947,5
2020-10-23,508,0
2021-02-26,64,4
2021-05-09,309,7
2021-03-12,993,9
2020-10-01,44,3
2020-11-06,763,7
2021-05-05,185,7
2021-05-13,564,7
2020-12-26,708,6
2021-04-11,270,2
2021-05-19,837,1
2020-11-25,453,7
2020-11-25,978,0
2021-01-09,294,7
2021-02-01,933,3
2021-04-30,568,4
2020-06-10,502,8
2020-10-09,206,5
2021-01-13,915,1
2021-04-12,606,5
2021-04-09,561,8
2021-04-25,459,4
2020-07-21,637,4
2021-05-04,585,1
2020-09-24,807,4
2021-03-03,100,3
2020-07-24,849,0
2021-02-13,158,0
2021-05-02,284,2
2020-06-08,278,6
2020-12-14,549,4
2021-04-04,855,5
2021-02-21,629,7
2021-03-01,811,8
2020-08-05,409,7
2021-02-07,380,4
2021-02-19,272,9
2020-08-30,751,5
2020-07-16,649,5
2021-02-09,381,4
2020-07-31,978,1
2021-04-27,350,5
2020-05-26,72,0
2021-04-22,950,1
2021-05-24,834,2
2021-04-13,897,9
2021-05-13,188,9
2021-05-02,513,6
2021-05-22,70,7
2020-09-15,616,2
2020-12-02,86,3
2020-08-17,589,6
2020-12-19,903,6
2020-12-25,215,1
2020-12-18,20,5
2021-05-18,6,7
2020-08-14,919,4
2021-03-17,700,3
2021-02-22,626,7
2021-04-19,900,7
2020-09-17,592,8
2020-10-15,801,3
2020-05-28,134,7
2021-02-05,412,2
2020-11-18,818,9
2020-07-16,675,5
2020-09-28,168,5
2020-09-10,944,1
2020-11-13,756,7
2021-02-28,534,7
2020-10-31,486,1
2020-06-16,208,3
2021-04-29,987,9
2020-08-24,694,4
2020-07-25,842,8
2021-05-13,228,2
2021-03-03,261,1
2021-05-23,968,4
2021-04-11,271,9
2021-05-14,397,7
2021-02-02,436,9
2021-04-03,107,7
2021-04-23,300,3
2020-11-04,172,0
2020-08-13,165,3
2021-04-09,476,3
2020-10-31,956,6
2021-03-08,938,8
2020-08-10,323,8
2021-05-17,298,8
2021-03-27,313,4
2021-04-07,988,7
2021-05-09,845,5
2021-03-23,231,6
2021-03-06,163,4
2021-02-23,799,2
2021-02-22,631,1
2021-02-22,409,3
2020-10-23,815,3
2020-08-12,630,7
2020-12-05,919,2
2020-11-26,474,4
2021-05-06,572,8
2020-08-04,18,1
2020-06-05,827,0
2021-04-10,126,8
2021-04-26,445,8
2020-08-13,615,2
2020-12-06,822,8
2021-01-02,428,2
2021-01-06,868,2
2020-12-28,493,2
2021-01-06,372,7
2020-12-23,570,3
2020-12-14,663,9
2020-08-27,153,8
2021-03-29,689,7
2021-02-22,156,8
2021-05-06,334,4
2021-05-05,571,0
2021-05-15,575,9
2021-05-15,556,3
2021-04-09,4,6
2021-03-31,837,4
2020-12-01,324,5
2020-08-28,853,9
2021-05-06,852,9
2021-03-07,919,1
2021-01-24,990,5
2021-05-15,506,5
2020-07-29,743,6
2021-04-12,839,2
2021-02-22,672,3
2021-04-06,843,3
2021-04-30,332,8
2020-10-13,690,5
2021-05-08,78,7
2020-06-06,464,2
2020-06-22,687,4
2021-05-20,85,3
2020-05-27,462,8
2021-04-29,565,7
2020-05-27,92,0
2020-07-30,135,6
2021-04-02,780,0
2021-05-11,875,8
2021-02-05,900,8
2020-10-20,792,2
2020-10-17,698,7
2021-04-16,175,7
2021-04-24,82,6
2021-04-10,80,6
2020-10-21,6,8
2020-05-31,819,8
2021-03-23,124,5
2020-06-13,840,7
2020-08-07,449,6
2020-06-14,403,0
2021-05-09,206,5
2020-12-30,797,1
2021-05-24,727,8
2020-07-09,894,4
2021-03-04,450,0
2020-05-29,610,6
2021-03-05,166,2
2020-06-19,313,4
2021-04-16,399,0
2021-05-24,888,4
2020-09-22,722,6
2021-04-06,31,1
2021-04-12,142,0
2020-10-03,232,6
2020-08-23,757,9
2020-10-26,105,8
2020-10-27,370,1
2020-08-30,871,1
2021-04-28,540,8
2020-11-15,845,4
2020-10-22,300,9
2020-06-10,329,5
2020-09-24,860,3
2020-11-30,930,5
2020-08-02,730,0
2020-12-24,176,4
2020-10-30,328,6
2020-11-30,640,2
2020-10-09,172,1
2020-10-18,137,1
2020-11-12,869,8
2021-03-15,804,3
2020-05-26,368,6
2020-06-25,200,9
2020-12-29,912,8
2020-06-08,67,4
2021-02-21,951,3
2021-05-21,167,1
2021-04-30,218,2
2020-10-11,359,0
2020-08-24,241,9
2020-12-01,806,9
2021-03-24,320,5
2021-02-11,365,3
2021-01-19,53,3
2021-02-15,504,2
2020-06-09,584,3
2020-12-08,795,4
2021-04-12,76,3
2021-02-03,425,6
2021-04-18,381,3
2021-04-13,367,8
2021-02-12,839,3
2021-05-08,884,3
2020-12-15,788,9
2020-10-02,696,5
2021-04-12,337,5
2021-02-22,942,0
2020-12-24,532,7
2021-05-07,704,1
2020-11-28,450,0
2020-08-14,919,7
2020-08-04,733,4
2021-05-09,975,0
2021-05-14,264,1
2021-03-29,745,5
2020-12-28,125,0
2020-09-18,473,8
2021-03-20,229,5
2021-04-29,44,4
2021-03-26,13,9
2021-04-05,383,0
2021-04-20,582,9
2020-10-04,882,9
2021-03-02,157,2
2020-07-18,743,6
2020-06-19,351,7
2021-02-09,921,3
2021-04-04,93,2
2020-09-24,545,2
2021-04-25,225,7
2020-07-02,262,9
2020-05-30,16,5
2020-06-06,113,5
2020-10-23,42,8
2021-05-14,674,3
2021-05-09,703,2
2021-03-26,685,4
2021-04-28,669,1
2020-10-15,728,8
2021-05-15,351,1
2021-04-20,772,8
2020-06-16,683,6
2020-07-20,575,7
2020-10-23,186,4
2020-12-06,402,6
2020-10-22,238,2
2020-07-10,791,1
2020-12-27,293,5
2021-04-14,756,2
2020-06-30,685,7
2021-02-23,930,7
2021-05-09,701,5
2021-04-08,790,8
2020-11-20,716,5
2021-04-14,86,5
2021-05-19,20,4
2021-04-25,504,6
2021-04-24,495,7
2021-05-21,629,3
2021-02-22,514,3
2020-12-18,628,9
2020-10-23,171,3
2021-01-23,822,0
2021-04-04,687,2
2021-02-04,10,9
2020-06-13,151,3
2021-03-26,652,6
2020-08-22,94,3
2020-06-12,802,2
2020-11-18,721,3
2021-01-27,726,1
2020-10-25,180,7
2020-08-25,973,9
2021-04-13,816,6
2020-12-09,592,7
2021-05-05,893,5
2020-06-09,116,3
2021-03-28,172,5
2021-04-16,774,2
2021-01-21,18,8
2020-10-18,359,2
2021-04-26,899,1
2020-11-09,59,1
2021-02-05,199,0
2021-05-07,868,0
2020-08-03,334,7
2020-08-15,931,7
2021-02-28,755,5
2020-08-10,185,3
2020-10-03,365,8
2020-10-21,982,3
2021-05-04,444,2
2021-04-13,31,5
2020-12-29,352,4
2021-05-04,208,6
2021-02-19,262,8
2020-10-20,11,3
2020-12-21,452,3
2021-01-12,309,3
2021-04-11,625,8
2020-07-15,676,8
2020-06-10,533,8
2021-01-29,998,5
2020-06-27,813,1
2020-10-20,516,4
2021-05-14,33,3
2020-07-15,19,3
2020-05-29,48,8
2020-12-23,869,0
2020-10-24,139,8
2021-04-04,116,0
2021-02-21,188,2
2021-04-07,929,4
2021-05-11,570,2
2021-02-14,524,0
2021-03-09,370,8
2021-03-08,387,1
2020-11-11,156,8
2020-12-18,605,6
2020-12-06,94,0
2020-08-25,319,5
2020-10-01,967,6
2020-06-28,662,0
2021-04-18,891,9
2020-06-13,395,1
2021-04-01,412,9
2021-02-27,206,4
2021-02-24,212,3
2020-10-12,24,6
2021-05-12,800,5
2021-05-11,930,0
2020-11-17,182,8
2021-02-12,61,8
2020-06-21,83,1
2020-07-15,620,4
2020-10-11,404,4
2020-12-25,62,8
2020-12-01,107,0
2020-07-31,975,9
2020-07-05,168,3
2020-11-22,569,4
2021-05-24,713,2
2020-05-25,883,8
2021-05-24,454,3
2021-03-28,660,9
2021-04-16,803,4
2020-08-24,683,9
2021-02-06,56,8
2020-09-06,870,5
2020-05-30,459,1
2021-04-21,373,1
2021-05-11,807,1
2020-07-21,257,2
2021-02-01,41,3
2020-11-05,902,9
2020-10-13,111,9
2020-12-31,562,4
2020-08-06,297,1
2020-07-11,560,9
2021-04-19,471,7
2021-03-27,678,8
2021-02-03,244,7
2020-09-22,437,7
2020-11-05,586,5
2021-05-11,818,0
2021-04-20,789,2
2020-12-02,780,9
2021-02-26,637,3
2020-11-30,211,9
2021-03-09,70,4
2020-08-08,842,6
2020-10-06,893,0
2021-02-16,666,1
2021-01-28,219,5
2021-05-24,929,3
2021-05-03,850,9
2021-04-14,503,0
2020-06-27,633,0
2021-05-13,340,1
2021-05-24,618,8
2020-10-19,906,3
2020-09-04,447,6
2020-06-09,992,9
2021-02-01,575,0
2021-02-06,439,9
2021-01-08,455,9
2020-12-01,830,5
2021-05-08,459,4
2020-08-19,794,6
2021-04-19,839,2
2020-11-03,399,7
2021-04-30,485,0
2021-05-20,516,6
2021-03-17,991,9
2020-10-18,480,1
2021-05-24,612,7
2021-05-22,789,8
2020-12-13,247,7
2020-06-11,960,1
2020-06-27,538,9
2020-09-25,337,6
2020-07-29,237,4
2021-05-17,19,4
2020-06-03,65,6
2021-04-10,801,4
2020-07-29,406,3
2021-02-23,709,3
2021-04-30,97,1
2020-09-20,369,5
2020-06-02,338,9
2021-01-26,48,7
2020-07-11,747,2
2021-02-08,593,8
2021-03-24,122,6
2021-04-27,868,1
2020-10-01,454,5
2021-04-17,137,0
2021-04-20,780,8
2021-02-02,21,0
2020-08-24,98,0
2021-04-18,654,7
2021-04-17,190,9
2020-12-20,673,9
2021-02-06,474,2
2021-05-08,443,9
2021-05-19,557,9
2021-05-06,409,3
2020-12-02,931,2
2021-03-27,313,2
2020-10-31,479,9
2020-08-14,306,3
2020-05-25,46,2
2021-01-02,799,0
2021-05-04,341,8
2021-02-18,899,5
2021-05-16,826,4
2020-08-02,85,8
2021-03-28,869,2
2021-04-02,73,5
2021-05-03,123,4
2020-09-10,487,4
2021-02-20,771,4
2020-10-14,211,1
2020-11-12,890,5
2021-04-01,736,9
2021-01-09,518,9
2021-04-27,595,2
2020-10-06,924,0
2021-02-07,263,9
2021-04-07,414,6
2021-04-17,315,6
2021-04-09,187,0
2020-10-15,153,6
2020-07-21,445,5
2020-06-14,561,9
2020-12-11,348,5
2020-05-31,362,2
2020-12-03,533,5
2020-05-28,693,5
2020-12-27,406,0
2020-06-03,573,4
2021-01-13,571,1
2021-03-02,858,1
2020-06-15,50,2
2020-12-24,291,1
2020-06-08,371,3
2020-06-22,94,5
2020-11-02,846,1
2021-02-12,462,6
2021-02-02,395,4
2021-05-03,249,2
2021-04-17,311,4
2020-11-02,576,9
2020-10-12,762,2
2020-09-30,559,8
2020-06-08,40,0
2020-12-01,544,9
2020-07-14,875,7
2021-02-16,215,2
2021-05-02,140,3
2021-04-30,246,4
2021-05-18,814,6
2020-09-29,888,0
2021-01-02,378,0
2021-05-22,340,2
2021-05-24,373,8
2020-11-29,700,1
2020-08-05,875,6
2020-08-10,419,1
2021-02-05,633,2
2021-04-09,841,4
2021-02-18,752,6
2020-08-09,235,2
2020-12-17,920,9
2021-04-19,34,8
2020-11-26,271,5
2020-08-11,298,1
2020-12-01,565,1
2021-05-22,74,9
2021-05-03,356,6
2020-10-06,321,0
2020-11-24,595,2
2020-12-23,849,2
2020-12-27,22,9
2021-03-09,912,5
2021-01-25,480,4
2021-05-17,170,6
2021-05-21,488,6
2021-04-20,91,3
2020-06-29,140,9
2020-09-30,771,3
2021-05-09,663,9
2021-05-17,102,9
2021-02-28,450,2
2021-04-11,405,5
2021-01-29,366,0
2021-03-20,287,9
2021-04-28,681,3
2021-04-23,244,1
2021-03-31,5,6
2021-05-03,677,1
2021-02-14,643,8
2020-08-09,389,5
2021-03-27,206,1
2021-05-08,929,1
2021-02-25,969,3
2021-04-22,67,2
2021-05-18,912,7
2021-04-25,90,9
2020-10-19,234,8
2021-04-23,394,2
2021-03-02,552,9
2020-08-20,148,1
2021-01-28,15,3
2021-05-07,874,2
2020-08-04,169,9
2020-06-20,250,9
2020-12-27,698,3
2021-05-24,660,2
2021-02-15,71,4
2020-06-13,138,1
2020-09-25,834,0
2021-02-10,273,9
2020-07-16,520,1
2020-10-12,889,4
2021-02-27,168,6
2020-07-01,867,5
2021-02-08,199,9
2020-11-11,957,6
2021-04-26,505,8
2021-01-15,737,8
2020-10-12,43,5
2020-09-27,982,5
2020-05-30,576,4
2021-05-11,807,9
2021-05-21,89,1
2021-02-27,857,7
2020-10-16,980,8
2020-06-25,516,7
2020-10-10,961,7
2020-11-04,282,8
2021-05-23,640,4
2021-03-27,973,5
2021-05-11,484,1
2021-04-29,440,8
2020-08-26,281,6
2021-04-20,696,9
2021-04-21,819,8
2021-04-10,375,8
2021-03-25,607,9
2020-11-20,296,7
2021-03-03,897,4
2020-06-03,461,5
2021-03-30,476,6
2021-02-18,401,7
2021-05-13,997,1
2021-05-08,253,2
2020-09-22,871,5
2021-04-30,694,6
2021-03-31,908,2
2021-05-23,784,7
2020-07-23,768,4
2020-08-06,916,3
2020-09-29,816,3
2020-10-19,968,2
2020-10-03,510,6
2021-02-04,791,9
2021-02-07,319,4
2021-05-19,928,2
2020-06-21,74,6
2021-01-26,444,3
2021-04-19,161,8
2020-07-06,684,8
2020-08-22,0,4
2020-08-24,658,5
2020-08-16,371,4
2021-02-20,983,6
2021-03-02,129,0
2021-01-15,849,5
2020-06-24,817,1
2021-04-13,196,7
2021-03-01,203,9
2020-08-24,843,5
2021-05-11,813,9
2020-09-08,833,5
2021-05-10,315,1
2020-08-08,717,5
2020-11-26,91,1
2021-05-16,449,4
2021-05-24,292,1
2020-12-10,149,4
2021-02-13,572,3
2020-09-28,925,9
2020-08-18,990,5
2020-12-22,659,8
2021-01-19,174,4
2020-07-09,540,1
2021-01-12,18,3
2020-11-26,926,9
2020-09-27,222,7
2020-11-06,784,9
2020-08-24,921,8
2021-02-28,573,6
2021-04-16,281,3
2020-06-12,82,8
2020-12-13,190,0
2020-10-20,970,0
2021-04-05,605,5
2020-12-22,356,0
2021-01-02,41,9
2020-10-07,464,9
2021-01-18,19,3
2020-08-07,318,7
2021-01-28,884,4
2021-03-09,923,8
2021-02-25,854,4
2021-05-18,352,7
2020-12-23,975,4
2020-09-23,841,7
2021-04-27,770,8
2020-10-19,637,0
2020-12-02,511,9
2020-07-26,428,1
2021-05-05,715,1
2020-09-11,297,7
2021-02-17,379,1
2020-12-23,836,6
2021-04-04,277,6
2021-02-12,397,4
2021-04-03,638,6
2020-06-16,223,3
2020-11-29,798,4
2021-02-07,29,0
2020-08-07,287,0
2021-01-19,203,5
2021-02-10,196,6
2020-07-18,37,8
2020-08-09,847,1
2021-05-02,136,9
2021-05-18,156,6
2021-03-09,544,4
2021-03-05,795,6
2021-04-06,792,4
2020-06-26,316,4
2020-10-15,9,7
2021-04-29,3,6
2020-12-30,904,3
2021-04-24,339,5
2020-09-10,995,5
2020-08-15,389,8
2020-10-04,167,8
2020-12-20,934,0
2020-10-13,429,6
2021-04-12,420,3
2020-06-27,816,0
2021-03-03,914,6
2020-10-09,508,6
2021-04-29,361,0
2020-10-21,94,2
2021-05-10,123,5
2020-07-15,443,6
2020-05-26,975,0
2021-02-12,740,5
2020-12-01,536,4
2020-06-22,961,0
2020-06-11,42,7
2021-03-17,639,2
2021-02-12,877,7
2020-11-04,811,7
2021-04-24,83,9
2020-11-18,832,6
2020-10-12,609,5
2020-07-30,834,2
2020-10-02,559,2
2021-03-14,943,1
2020-11-26,916,3
2021-04-22,951,1
2021-05-17,833,7
2020-10-22,296,8
2021-04-30,878,1
2021-01-07,341,8
2020-06-28,745,0
2020-06-02,524,2
2021-02-13,280,1
2020-10-13,63,5
2021-05-14,730,7
2020-06-14,649,2
2021-02-07,251,2
2021-04-23,419,5
2021-02-08,48,4
2021-02-17,588,7
2021-01-11,94,2
2020-11-24,770,6
2021-04-14,437,8
2021-01-07,882,6
2020-07-11,730,6
2021-03-18,87,0
2020-06-22,326,7
2020-08-08,759,8
2021-03-28,553,6
2020-07-28,8,3
2021-02-13,629,3
2020-10-24,26,5
2020-12-26,186,1
2020-10-11,837,9
2021-03-03,239,9
2020-06-24,911,5
2021-02-20,94,5
2020-12-03,697,8
2020-06-30,980,4
2021-01-27,956,0
2020-06-16,373,8
2021-05-05,934,4
2021-04-28,575,9
2021-05-22,630,3
2020-06-06,822,2
2021-04-11,100,0
2021-01-10,592,7
2020-09-22,904,1
2020-12-15,659,0
2021-04-01,452,9
2021-04-11,217,2
2021-05-21,267,0
2021-02-10,499,2
2021-03-27,771,7
2020-11-25,315,4
2021-03-18,148,6
2020-07-14,816,9
2020-10-24,283,6
2021-04-05,401,2
2020-09-12,14,3
2021-02-28,597,7
2020-06-16,372,2
2021-05-12,533,6
2021-03-10,672,8
2021-05-13,420,6
2021-03-27,390,4
2020-07-08,212,3
2020-11-28,931,3
2020-12-05,949,0
2020-07-03,814,7
2020-12-03,149,9
2020-07-16,621,2
2021-02-24,788,8
2020-08-03,643,6
2021-01-13,500,6
2020-10-09,40,1
2021-05-13,846,0
2020-07-02,20,0
2020-08-26,682,6
2021-04-23,427,8
2020-10-17,282,1
2021-02-11,573,1
2020-10-20,981,0
2021-02-09,674,6
2021-04-10,288,3
2020-11-16,733,0
2020-12-01,953,4
2021-05-01,756,5
2021-02-11,407,1
2021-03-11,148,7
2021-05-19,347,1
2020-12-31,962,1
2020-09-21,129,2
2021-03-10,808,2
2020-11-22,743,3
2020-09-13,472,3
2020-06-06,884,1
2020-09-26,292,2
2020-10-10,478,0
2020-09-27,353,7
2020-07-25,818,7
2020-11-07,386,1
2021-05-21,183,1
2021-05-12,567,0
2021-02-15,546,2
2021-04-09,571,2
2020-06-06,465,2
2020-06-07,813,1
2020-09-03,665,1
2021-04-23,747,0
2021-03-08,453,5
2021-04-08,415,4
2021-04-08,447,2
2020-08-06,735,4
2020-08-16,229,5
2021-03-19,986,8
2021-03-18,518,6
2020-10-11,996,1
2020-09-09,576,5
2020-07-22,492,4
2021-04-23,443,9
2021-05-12,116,5
2020-06-13,524,0
2020-10-07,132,2
2021-04-20,560,1
2020-12-14,466,7
2020-09-21,596,2
2021-05-13,348,5
2020-11-26,637,5
2020-12-14,587,6
2021-02-02,863,2
2020-09-04,343,1
2020-08-16,762,5
2021-04-20,168,5
2020-06-20,200,2
2020-08-21,872,6
2021-03-30,209,3
2021-04-01,120,9
2020-08-29,751,2
2020-06-23,713,4
2020-10-03,887,5
2020-11-28,234,9
2020-12-17,742,8
2020-12-31,361,6
2021-04-12,660,0
2021-05-04,767,6
2021-05-10,739,2
2021-02-25,540,1
2020-11-25,293,3
2020-12-21,768,5
2021-01-09,499,8
2021-02-19,782,4
2020-06-11,305,1
2020-10-17,321,7
2021-04-02,630,9
2020-10-15,723,7
2021-03-29,638,7
2021-03-09,615,6
2021-01-21,531,9
2021-05-12,763,7
2020-11-04,139,7
2021-04-12,227,5
2020-07-27,351,2
2020-10-16,817,4
2020-12-09,63,7
2021-01-14,651,4
2020-06-21,414,2
2020-09-08,338,2
2020-06-04,848,6
2021-05-14,171,8
2020-09-08,466,8
2021-01-27,118,7
2020-12-13,294,8
2020-08-16,366,7
2020-12-16,938,7
2021-02-21,990,7
2021-03-05,163,7
2021-02-21,797,7
2020-08-22,499,9
2021-01-29,280,8
2020-11-26,716,7
2021-02-21,181,2
2020-08-29,335,5
2021-02-11,486,0
2021-05-16,556,6
2021-05-16,341,6
2021-03-11,226,9
2021-01-23,470,6
2020-10-10,151,0
2020-10-12,69,3
2020-10-15,44,6
2021-04-24,719,2
2021-04-17,230,6
2021-05-02,30,1
2021-04-21,479,9
2021-02-14,759,8
2021-04-11,58,9
2020-08-03,965,9
2020-07-04,520,1
2021-05-23,52,3
2021-04-22,46,8
2021-04-09,924,9
2021-05-22,49,3
2020-12-15,132,4
2021-03-18,24,0
2021-03-09,374,1
2020-06-27,379,5
2020-12-29,576,3
2020-11-09,876,8
2020-06-23,664,5
2021-01-11,910,0
2020-05-26,531,0
2020-12-22,2,3
2020-06-17,896,0
2021-02-15,773,0
2020-06-04,554,9
2021-04-21,398,6
2021-05-20,674,7
2021-04-03,886,0
2020-05-27,490,1
2020-11-10,225,0
2021-05-05,502,5
2020-07-29,109,2
2021-03-17,479,0
2021-05-20,52,0
2021-01-30,632,4
2021-04-22,596,8
2021-01-04,160,5
2021-01-06,228,3
2020-12-17,447,3
2020-12-08,983,1
2020-08-03,401,5
2020-09-28,441,6
2021-05-12,619,1
2021-04-13,419,1
2020-12-28,113,0
2021-03-15,975,7
2021-02-18,175,7
2021-04-14,307,1
2021-05-23,415,8
2020-11-20,608,9
2021-04-24,972,2
2021-04-26,245,6
2021-01-28,598,9
2021-04-29,499,2
2021-05-04,281,7
2020-11-30,357,0
2021-02-09,613,2
2020-11-06,427,2
2020-10-10,4,7
2020-09-14,277,7
2020-11-17,649,2
2021-02-28,686,3
2021-04-11,100,3
2021-05-15,679,7
2020-06-18,320,7
2020-06-08,361,6
2021-02-16,946,0
2021-04-14,953,4
2020-10-10,387,7
2021-02-15,712,3
2021-01-26,472,6
2021-03-08,231,5
2020-10-27,17,2
2021-04-29,460,4
2021-02-06,884,0
2020-10-28,934,9
2021-04-02,359,0
2020-08-06,404,2
2020-07-07,642,8
2021-02-15,161,3
2020-08-20,418,5
2021-05-19,636,3
2021-05-15,929,7
2021-04-18,973,7
2020-08-10,606,3
2020-10-02,929,8
2020-12-01,55,2
2021-05-22,865,1
2021-02-16,655,0
2021-05-07,782,0
2021-02-28,141,6
2021-02-20,667,7
2021-03-22,671,8
2021-01-03,978,7
2020-12-05,928,0
2021-01-03,964,5
2021-02-10,428,6
2021-02-07,454,8
2020-09-24,546,6
2021-04-12,444,3
2020-08-17,467,7
2020-09-26,101,1
2021-02-13,13,4
2021-05-15,50,5
2020-07-28,455,0
2021-04-18,740,1
2021-05-03,810,9
2020-10-21,979,5
2021-01-01,734,2
2021-04-16,542,5
2021-04-21,677,9
2021-01-26,849,2
2020-07-06,701,6
2021-01-18,476,6
2021-02-07,891,9
2021-04-23,694,0
2021-01-11,21,4
2020-05-26,675,7
2020-12-13,848,2
2021-05-19,212,1
2021-04-14,558,6
2020-06-18,982,8
2020-10-24,70,8
2021-01-26,334,5
2021-01-24,587,5
2021-05-10,210,5
2020-11-27,35,3
2021-05-15,757,4
2020-08-15,207,5
2020-12-16,184,1
2020-10-06,831,8
2021-04-24,302,0
2021-05-12,981,1
2021-04-27,324,6
2020-10-16,170,0
2021-05-06,43,3
2021-05-14,570,9
2021-04-27,22,3
2021-04-26,272,7
2021-03-12,716,9
2021-04-20,379,5
2020-08-24,667,4
2021-02-25,249,1
2021-05-05,879,1
2021-04-02,476,4
2021-02-25,232,6
2021-04-10,461,7
2021-03-19,10,9
2020-09-19,448,5
2020-12-19,326,2
2020-08-21,518,6
2021-01-30,601,2
2021-01-18,497,8
2021-05-01,460,6
2021-02-04,192,7
2021-04-15,914,6
2020-11-03,475,9
2021-02-10,136,0
2021-04-20,422,3
2021-05-03,592,7
2021-04-18,164,9
2020-10-05,99,1
2020-12-08,992,1
2020-08-07,767,8
2021-05-09,504,8
2021-05-04,506,7
2021-04-17,614,1
2021-05-11,468,2
2020-11-03,361,8
2020-11-25,297,4
2020-05-30,436,9
2020-08-13,502,5
2020-08-04,790,9
2020-07-29,185,3
2021-05-02,122,3
2020-09-08,447,4
2020-07-28,40,0
2021-05-16,724,4
2021-05-16,27,2
2021-04-02,922,2
2020-07-04,408,7
2021-04-01,643,4
2021-03-15,192,4
2021-03-19,7,4
2020-12-03,965,2
2020-08-29,34,8
2020-06-21,302,8
2021-05-06,4,0
2020-06-28,997,6
2021-02-17,505,5
2020-07-14,343,5
2021-04-27,861,2
2021-04-25,291,4
2021-04-27,273,9
2021-02-06,313,6
2021-05-16,867,6
2021-02-09,626,2
2021-03-23,974,0
2021-04-11,791,6
2021-04-15,738,0
2021-05-21,677,7
2020-11-03,917,6
2021-04-23,370,9
2020-10-23,310,2
2020-09-02,749,2
2020-12-31,34,8
2020-10-06,790,9
2020-07-23,139,8
2021-01-18,938,5
2021-04-11,157,1
2021-02-09,752,8
2020-12-16,273,2
2021-03-06,907,9
2020-09-12,744,3
2021-04-13,342,7
2021-02-06,754,6
2021-04-07,634,5
2020-09-09,884,3
2021-03-19,800,7
2021-03-21,364,9
2020-12-05,32,7
2021-02-24,353,7
2020-10-03,65,7
2020-10-11,360,8
2021-01-22,238,1
2021-02-17,300,1
2020-10-12,846,7
2021-02-04,823,8
2020-12-11,738,1
2020-07-14,702,1
2021-04-06,258,0
2020-12-19,232,7
2020-12-19,290,2
2020-10-06,79,8
2020-10-15,297,9
2020-07-16,178,0
2020-10-22,819,0
2021-04-04,93,6
2020-06-18,12,8
2020-05-25,161,1
2021-03-21,37,2
2020-12-12,863,5
2021-05-15,919,2
2020-07-22,807,2
2020-08-08,84,7
2021-04-25,130,9
2021-03-07,604,4
2021-05-16,646,6
2021-05-05,533,4
2020-11-11,392,5
2021-03-19,139,8
2020-06-20,159,2
2020-11-18,633,9
2020-06-14,614,4
2021-04-01,703,7
2020-12-09,370,5
2020-06-05,327,3
2020-08-06,349,6
2020-07-23,792,7
2021-02-16,603,7
2021-03-17,746,1
2020-06-01,460,2
2021-02-04,504,3
2021-04-07,844,5
2020-08-17,519,3
2020-10-16,6,8
2021-04-29,351,1
2020-11-26,757,1
2020-06-11,663,8
2021-05-02,504,4
2020-12-17,76,6
2021-04-19,945,8
2021-05-10,918,3
2021-04-12,465,0
2020-06-06,613,3
2020-10-21,287,6
2021-02-11,330,3
2020-06-18,529,5
2021-05-10,424,8
2020-06-08,963,4
2021-03-31,635,2
2021-05-20,768,2
2020-10-23,138,2
2020-05-25,782,4
2021-03-16,633,3
2021-04-19,183,0
2020-12-06,513,3
2021-03-24,369,5
2020-10-30,870,3
2021-04-11,145,9
2021-04-20,453,9
2020-08-11,421,6
2021-02-12,953,2
