,ID,Age,Distance X,Distance Y
0,0,60,0.9762634296697943,21.655951652474336
1,1,34,6.17477430012223,10.937656582355757
2,2,37,-19.04129892255773,5.536270949448321
3,3,68,4.899783872436573,-8.200123946189965
4,4,46,-19.03212314366408,-3.346880960385914
5,5,72,-1.9320595320840521,-4.029498506780964
6,6,58,10.045579693309792,0.6129630598047514
7,7,76,-2.6888865639688824,-12.905014569849207
8,8,42,-14.897331190818878,13.550884020768628
9,9,25,17.295126214695713,10.289513003171425
10,10,61,-12.742842809443589,0.03541911647616858
11,11,38,-3.907180497786145,-17.174368442578647
12,12,58,-5.6660497973674895,17.73807846229151
13,13,21,-2.9665465701717864,21.111948347644653
14,14,75,9.182198947466684,-5.388565533609755
15,15,64,-2.7379239110959865,6.681587547198048
16,16,30,-11.776181064169043,2.9723984638444674
17,17,60,-2.355731685242641,-22.374476371229758
18,18,79,18.667523939182438,8.052259944014265
19,19,73,6.59470595722097,17.669419961228527
20,20,61,-1.8783848977745665,-12.511988549764625
21,21,22,-8.250603702798092,18.619733026599008
22,22,39,-20.44323325734971,-4.122663816428828
23,23,65,20.483892684535423,4.189166968698416
24,24,24,-0.02643411260495398,8.375247799229653
25,25,28,0.21695577793371085,-11.782636113051781
26,26,41,-7.605756177666443,-3.912420998641715
27,27,58,-6.045293086457128,-6.386102039317994
28,28,66,-0.13500979018632786,-10.520940539799476
29,29,28,-16.22356586977338,-2.3657545087416803
30,30,74,-4.548739478303666,-7.280413877974569
31,31,37,-20.01834760751409,-4.628837852912641
32,32,75,8.97606748041835,-4.077749054854079
33,33,46,-8.59166973790051,4.479140611496727
34,34,18,-2.085214817170484,-11.33527165916738
35,35,44,5.294757986013807,22.295317785273493
36,36,71,9.469669475551385,5.860413730938711
37,37,64,-14.599022289152144,-3.9834841738587263
38,38,71,-19.24291042085171,-1.7974131522704524
39,39,28,9.68317363959623,4.446520783833943
40,40,18,-7.7338512837714735,4.4440247454174
41,41,68,7.188944225406618,7.354757555528705
42,42,22,-1.6616806839021037,6.723016484602205
43,43,53,-19.960773544768912,-13.6509027690573
44,44,35,-19.24547177373292,9.231272544644172
45,45,28,14.759323899584693,13.985678462440895
46,46,20,4.365407410150162,6.497259883767157
47,47,35,-4.676798845621507,8.854989122915367
48,48,50,-7.021289797111434,-1.5201787547847612
49,49,27,-1.297389927133091,11.676365694168405
50,50,55,14.444296411972946,0.9287136494166925
51,51,47,7.35053334829532,-0.5315793234886323
52,52,55,-3.5380049108915124,18.200024290798925
53,53,63,9.199901397507183,3.9347689767842473
54,54,35,4.916518446218609,-10.169372254109458
55,55,64,-7.025216811313021,7.359356257878713
56,56,25,-15.362703144469311,11.301757534361379
57,57,20,-4.122129861936337,9.02198695476175
58,58,64,11.268555688299394,1.7952822671200177
59,59,73,17.36175936918044,11.344987276284655
60,60,56,-0.5523171688974539,-8.789736321456399
61,61,32,-6.161425961497505,7.461932787031752
62,62,22,5.308289681451466,19.11766106670753
63,63,18,-0.35676807220081347,-10.378613766724323
64,64,27,-20.469523377084005,-1.4097887620820622
65,65,72,-6.69240643027305,-9.819464211754202
66,66,28,-8.473865330618437,5.164886482121831
67,67,73,13.673405565770647,-13.228900631066791
68,68,59,5.316646077566363,-8.958262226978968
69,69,54,-2.4099547457505404,-8.140480527818887
70,70,37,-5.721864902065903,6.9484784098045775
71,71,66,8.354567235141461,9.87282839304725
72,72,22,8.612802325281129,-3.554711781668771
73,73,73,3.802723396634726,-19.573719818664593
74,74,72,-7.481611954927649,-4.484864238867839
75,75,36,-0.448135750102521,-10.98603285530892
76,76,39,5.780928836884072,5.68409750064524
77,77,34,-5.67312530813112,9.328831911534198
78,78,55,-0.7898809533738727,9.649371223112198
79,79,77,-14.134407331993648,-16.997643373154958
80,80,26,20.312322889237763,0.5913200991951686
81,81,30,-6.962215984098106,-2.0655904023571123
82,82,77,15.348929128753019,-11.088465048089331
83,83,42,11.85187906466992,-1.1842145373447208
84,84,49,-0.7463246614010672,-8.992113481278505
85,85,23,3.9157948465934487,-8.373859899218854
86,86,40,4.349773477703161,-10.726173798786924
87,87,60,-11.659007304267789,0.38383139847742875
88,88,39,-3.6061810769154485,-19.612191225711427
89,89,50,-3.621778918842695,-8.613193563984169
90,90,51,-7.01431197309628,5.665146869176414
91,91,29,18.30782935574736,-3.306120290860682
92,92,18,2.5049056035916113,19.622195665652434
93,93,52,1.641574834652231,-19.025030846085954
94,94,31,-4.973804544151232,-10.36137242254208
95,95,77,-7.359751807050187,22.250331434497866
96,96,47,-4.594698287136267,11.31349956430076
97,97,22,13.126939044292804,-2.088422031324103
98,98,62,0.3324205567799318,-10.338017622947326
99,99,77,12.870032804908572,-15.429353622844772
100,100,37,18.367494117247297,-5.686239969058169
101,101,28,9.971336532136807,16.468307699263196
102,102,29,10.393661754104752,-16.8080778664704
103,103,75,20.573325579193245,7.82358367422286
104,104,77,8.113828332181644,15.347342326919211
105,105,25,19.132697787555113,4.503811019378593
106,106,20,9.66581135139807,17.795844021007124
107,107,32,8.702196314676527,-1.3378152439864062
108,108,61,-5.273891425737585,2.2748595744094855
109,109,34,-7.107542221274307,-18.23760510605283
110,110,69,5.851025698934691,0.6692475613220394
111,111,53,-21.928779057158295,6.309223426573064
112,112,62,-7.363650923332388,-1.1934812662296657
113,113,40,-19.039247084774217,2.486699934945507
114,114,42,0.5641967129308809,18.2975649021549
115,115,72,-3.67050919107132,-17.740263602167914
116,116,62,8.560202723951647,1.8603790016842123
117,117,41,7.539349136772177,-3.4413416152237164
118,118,56,10.39480006435473,0.30088207868875827
119,119,53,16.937413140027637,-12.243248146628423
120,120,43,4.925968424755374,-17.372256867862255
121,121,41,1.0978520524339603,-18.100740948767324
122,122,29,-3.4844544942091176,-11.036717465514428
123,123,67,3.547872940318535,11.239346302080877
124,124,48,-7.3877538751643765,-5.263075130035883
125,125,72,-16.910653554992244,-13.478766365258469
126,126,38,-15.091528000714087,14.199459653547756
127,127,33,-12.0968155548305,-4.953025982745123
128,128,40,-12.531862946717753,-4.078840651758141
129,129,62,11.433981343845135,-2.457581736934339
130,130,62,-3.4932614575966663,8.927360677226764
131,131,77,17.624651754382846,11.995559835615051
132,132,41,18.402007144629543,-4.8530871544659675
133,133,61,-11.39378963107174,3.0615005630305667
134,134,51,-1.5669567427053028,11.284851481675407
135,135,48,4.401980038385149,7.300019956595557
136,136,64,6.520787454828798,9.194597665697584
137,137,21,12.71536053975554,-10.423222687652917
138,138,71,-7.880700394133886,1.8464012712137485
139,139,49,2.0594909420014256,7.935344231068257
140,140,28,-8.547755248836856,-6.270292350217629
141,141,43,-0.4537065034315768,-11.083125555874355
142,142,20,-2.2887805355109947,-7.93220134731053
143,143,58,21.64680769699125,-7.9828483599192275
144,144,24,-17.68442338220012,-5.517863119988578
145,145,23,-8.527937103761206,-3.2356963220021933
146,146,31,-18.35919095042933,-6.206937628048989
147,147,51,1.9388328096282774,17.915319363368667
148,148,47,5.632885973398416,12.271720697435772
149,149,38,3.7362455525338767,-17.729037942976657
150,150,73,-9.357813205748087,-7.917517307323556
151,151,40,18.67559701844702,11.472811751472037
152,152,36,-22.653466838641542,2.03822844103017
153,153,69,-4.071431479902774,18.827872840220373
154,154,41,-6.151510118277088,-6.061486579780754
155,155,19,5.914278316944781,7.442810169374466
156,156,37,-3.507935189670304,7.852634465571324
157,157,71,2.008627092395051,-19.437248901482057
158,158,60,2.9418672129637202,20.99250043912955
159,159,24,-7.909659785208614,-2.6393543512116917
160,160,50,-0.7260694923356272,20.652332377131305
161,161,18,-5.894552506788322,18.615185339998224
162,162,23,-6.3572452687919645,10.758688914030742
163,163,31,-19.163091622491116,-11.374095936828738
164,164,79,-16.520003823383483,-6.381346525532704
165,165,24,-6.520714789315587,-6.910716444908962
166,166,23,-10.996536587072095,-14.41963393988527
167,167,67,-11.652726381286783,-0.1208476625929916
168,168,29,-18.91689432109127,-1.1948384905098102
169,169,42,20.592532188926555,4.15952015099775
170,170,64,-10.06277266786369,-0.6018214623959435
171,171,37,-14.832407319146137,13.787694487514308
172,172,44,-17.37534771644676,7.0167288279220035
173,173,40,6.1234610104213445,7.557084593944912
174,174,75,-8.00796905312443,2.3240076704595864
175,175,37,-9.59771794056634,21.534316790254255
176,176,64,10.972118475716782,-6.6921930874777065
177,177,59,-0.0984637061955479,-22.250272140889706
178,178,39,11.259416657488526,-2.1532093125559664
179,179,35,19.894962765786097,1.0612188642941531
180,180,27,10.961718232370563,4.927232468408607
181,181,24,-10.474339063944134,-0.44276354859520806
182,182,62,-18.514212547144567,-0.33733793087521624
183,183,51,7.2558098288589745,15.566837526671648
184,184,47,3.4617056276181106,-9.178328804573555
185,185,37,3.368321186549268,18.143570905920168
186,186,43,8.8478522920086,-19.36398548138917
187,187,26,22.42738020151605,-6.570240045521587
188,188,23,-9.519344819075544,5.929591603210861
189,189,35,15.359066705209594,-11.640566373223802
190,190,76,-8.909702761811086,6.819689719282928
191,191,64,-16.03523685958417,-14.08624177863678
192,192,64,-20.53448224528038,8.164740514781998
193,193,31,2.8613720316386,-20.01733562648866
194,194,25,3.925215484190763,8.306989062241135
195,195,41,-17.64687839330439,7.870029871246209
196,196,72,7.254850587673326,-10.385870126436894
197,197,57,1.1331807942916843,-17.96798421150951
198,198,46,16.71211319005436,10.332349868374742
199,199,62,-6.679190238322317,5.67172349984323
200,200,69,-7.810857854455076,9.214097913729633
201,201,70,-5.679341531388824,9.44350833428585
202,202,39,-4.214028548866905,10.74054646149076
203,203,58,-13.985211588819944,18.877625630286378
204,204,45,-9.269333770638905,14.839829575313765
205,205,47,10.091305725589324,16.216520705108994
206,206,77,11.772523307458908,-14.12607053906526
207,207,51,2.6667375842863605,19.09638979515244
208,208,59,21.269413304399826,-2.342466022607454
209,209,19,-6.683782431191972,-14.12984564153457
210,210,59,-10.11506605967047,-1.3886471128343458
211,211,64,5.827709759613056,19.25502483364867
212,212,37,-8.940231218583866,7.951653852123255
213,213,36,10.834136764788195,3.7836493628479086
214,214,63,5.644256370755189,-3.9786739491518524
215,215,76,3.802298319729519,11.21205219158134
216,216,24,0.48289867706868217,6.86167829460993
217,217,78,-17.201286952266443,6.800703391851492
218,218,64,-3.3118647613987164,19.089239493679834
219,219,29,-13.227562586864533,9.194842198855707
220,220,26,-19.572311377575755,-4.826938208459552
221,221,21,15.060080463337746,-11.254685044078842
222,222,21,-19.51641371890705,2.2075822641182135
223,223,20,8.662680386613586,18.673931064959866
224,224,35,-10.644579551407645,1.1762856350173978
225,225,31,9.565093237205193,1.9364595162093445
226,226,75,17.715971118346626,-12.96547953381624
227,227,71,1.6707525403063945,-23.241378769690026
228,228,65,10.475582745727223,-19.25952246737385
229,229,52,16.884290959816255,-0.35491704338129093
230,230,21,9.26032940484173,6.300651393996382
231,231,22,11.005859458852088,-1.6283884376495323
232,232,32,-7.846569223630606,18.589507386758534
233,233,74,2.377797510057179,20.578996651884005
234,234,19,4.552438475802535,-8.002306107642738
235,235,30,1.0145183963024775,-10.472063635645155
236,236,34,-5.5668822080018465,-21.702294018409646
237,237,48,-3.691681818006221,11.167769035589362
238,238,79,5.958305591715538,1.204386059814553
239,239,43,1.9513390547808995,-11.092415354978233
240,240,22,14.394539961753946,-16.96867372806323
241,241,39,-7.126669359888399,-4.764879803019972
242,242,40,6.1869843596823895,-18.71291172758294
243,243,47,17.60749851028397,2.9634596324818507
244,244,66,-11.917986220520563,-12.40860988200022
245,245,36,5.125990672266962,10.06377016769572
246,246,26,-8.748447936823313,-4.680863540027539
247,247,27,11.734881234444908,-2.7984731712484456
248,248,64,-1.9497267530182747,-22.676693827999404
249,249,60,9.866301398859424,-22.22889038293355
250,250,22,-19.520072657114383,-7.202347707651091
251,251,30,8.21785310861928,-1.8940147442325532
252,252,44,9.775565192523324,0.6769898557590276
253,253,18,-11.02699010452342,15.33601697930651
254,254,46,0.20927546102849942,8.018595042629904
255,255,43,-7.00772165976251,9.127062064719794
256,256,63,5.135843098577292,9.10484295485711
257,257,76,2.4262942188156638,-19.725895155100513
258,258,52,-15.476344564806423,-11.615538727741255
259,259,72,-7.81258786909336,-21.317922905016967
260,260,58,6.025484301032944,7.977248352629012
261,261,63,-6.2564585078330275,3.7537051340543925
262,262,49,-11.17234633900383,-14.364426840257543
263,263,72,-13.65496842927733,16.13811661989256
264,264,25,-7.24455723271234,-16.66045410310694
265,265,62,-3.1884747804076587,-9.937161759948157
266,266,77,-6.115172159305522,-2.83217062773799
267,267,71,-13.462300699535191,-11.065354071522687
268,268,59,-1.4627439965965081,-6.955412799191444
269,269,18,1.6651801903186363,19.842283912676542
270,270,78,13.339548670652865,0.6270178656179102
271,271,48,-16.891835766089383,2.964189702638299
272,272,77,-4.869177564823163,-7.862306779781396
273,273,42,10.082775886767507,-16.04873792682209
274,274,31,-9.763318046545962,-0.49284928820982177
275,275,66,-9.496323549702492,4.542249707290624
276,276,67,1.627385362739398,9.8496795159188
277,277,43,-5.575816577824909,-18.33621653950097
278,278,25,17.750245673338455,-6.192548717308267
279,279,34,-9.015292026255603,3.0211631081477055
280,280,77,5.560381557280762,6.597428643378313
281,281,59,9.376430594184765,-8.124757480417603
282,282,59,-1.978265492032334,11.922025795963245
283,283,56,10.402560191783492,1.5204257091657858
284,284,24,-3.112202433567744,9.188061284494193
285,285,18,-15.899801253399325,-8.91164619644481
286,286,41,17.50799723655224,-9.968340436800096
287,287,27,-3.4078886124155003,-8.017984322460885
288,288,20,-1.965925305382279,6.293604942703066
289,289,52,-8.111757444758588,0.9376997326407599
290,290,51,-5.996517294973536,-7.972309235905877
291,291,69,-8.58439888916356,-4.338250056147573
292,292,21,-2.1468773621528965,12.291781806054203
293,293,77,15.995134303000713,-9.669906503123526
294,294,42,18.87951113101868,-9.847976053773088
295,295,77,3.033532271801879,19.56857113805934
296,296,32,-3.046784235403059,22.344624121583017
297,297,70,3.9582908099102716,17.8340202337313
298,298,57,7.719201425537951,2.1253663250166936
299,299,19,-9.90826881385744,-1.2478255253899646
300,300,46,-7.326711585537005,10.813800069676722
301,301,68,-17.062630505067624,12.089692852297123
302,302,43,10.121920785108028,-21.863910570985784
303,303,55,13.844452701789729,10.63605584883925
304,304,52,1.2023630655633308,9.948974509834246
305,305,48,15.498680566763763,13.630752885385654
306,306,36,5.0107972292710805,-9.588932482999326
307,307,75,-7.643062410354472,-17.28036266639082
308,308,49,8.780263761836306,-5.288215869311998
309,309,79,-18.707739999966968,2.865356412215894
310,310,31,4.793092909118748,10.114664111483158
311,311,32,-15.867513375218088,-14.913895062760735
312,312,56,3.946228037226636,-21.8471603782891
313,313,32,-20.04316277589274,0.14959776349536894
314,314,75,16.054580938749137,-8.066858229809903
315,315,26,6.120563521801737,7.628767150368995
316,316,64,11.3201255314174,-4.121134657998597
317,317,50,-15.447983900170863,-17.09922737557057
318,318,45,7.858262002774966,-16.72766733719274
319,319,39,14.769643616715591,15.110274318347477
320,320,78,-2.0216050279932722,16.575646014834405
321,321,37,13.106371850870907,6.5263818984903255
322,322,48,-0.7534109523314323,-9.476208167519648
323,323,57,-5.238282724261484,17.818798413828315
324,324,19,-19.392641451308087,12.576603487417014
325,325,43,-1.1181669081299133,-10.619081692230786
326,326,44,8.294517736055111,6.582075624610204
327,327,46,4.95658818533912,19.49574090317849
328,328,30,-10.599676616946837,-3.853464281933844
329,329,35,15.799963770614946,-11.428417519057746
330,330,33,-20.750118704866804,-2.141805512954282
331,331,46,3.445064095797984,-14.198123987894974
332,332,27,17.672927508084364,2.640030279951845
333,333,41,-4.849870856852247,-21.24800156852137
334,334,59,17.72182219911622,-13.823958785284509
335,335,60,18.01470095092581,-9.92510552352208
336,336,63,-4.187922521534705,11.237528035460562
337,337,43,3.011666190122787,-9.296841974880735
338,338,57,6.553228883822186,5.0508479887436835
339,339,58,12.78101090158978,-3.478205125521675
340,340,23,-10.286758961450326,-2.8479794481212553
341,341,22,-1.0024162764464346,-10.7240976178372
342,342,62,7.199160693641618,6.19399099449343
343,343,30,-19.971892298634582,5.7917724319644135
344,344,22,16.3041501085986,11.308408365866027
345,345,47,18.060376564633987,-4.316907749828422
346,346,62,13.589409360930906,14.4310253989448
347,347,49,20.680838069300975,0.4859659233218816
348,348,76,16.147094330718335,-16.14956912808342
349,349,68,20.524218597058432,11.859167231503793
350,350,26,7.416070906656246,-18.047747351214124
351,351,28,13.187417572266453,13.054226573271421
352,352,42,8.521437546901337,20.151789725301818
353,353,33,-0.1299466544980793,8.795301014164567
354,354,54,-9.039925672749344,-5.128102401623284
355,355,76,-9.557084670661547,-2.457566305046506
356,356,21,19.843865787103923,-1.7438451700302786
357,357,71,0.9311067574639371,12.054041336103323
358,358,43,-3.2356292064126753,-8.37243501272777
359,359,50,21.05672980173754,5.3007412766931585
360,360,78,17.735551755051624,-3.1681246682742907
361,361,64,-12.432748374935125,-17.69945834549565
362,362,18,9.120084092842598,2.159121561402096
363,363,31,2.415830167481711,10.243006353701176
364,364,29,-8.037399907828483,17.564143041216653
365,365,61,9.706471915315456,20.99542821905358
366,366,61,-6.512882969940988,6.353494641261924
367,367,19,-5.538343303656235,11.887879301323663
368,368,69,11.662148782927291,-1.936579070933817
369,369,53,13.904148011354128,-12.60885432469079
370,370,57,-15.977515130766754,2.4629698133700435
371,371,63,-6.205426657334936,-20.779730387090645
372,372,62,-15.535485138572238,-13.412724279807076
373,373,72,-6.137234869495108,19.0212307371128
374,374,49,5.755947322457403,-7.709107544644473
375,375,35,15.09498605718925,-14.76144274909571
376,376,37,2.849459982661986,-22.56000757404646
377,377,42,-11.652097467952139,-17.830110483307912
378,378,27,-8.847535296961293,16.134205689385574
379,379,45,9.038452880770773,-8.599158917717007
380,380,48,-5.8290931206986265,16.306363180379225
381,381,32,-12.191288829280534,-2.6201506582033103
382,382,22,-17.49204513626897,13.322957654701671
383,383,18,-10.206400749220009,9.428844769236626
384,384,76,6.781415269436404,5.349158066443113
385,385,69,1.3296674098920047,-7.066869648393773
386,386,69,-13.684153533009978,16.30476197643254
387,387,40,23.40833946723114,-5.185159992532643
388,388,33,6.742197350320147,-14.13893370897962
389,389,66,-17.075383011790308,5.583452831584741
390,390,41,-22.987578638071206,6.505912369121681
391,391,39,4.426474899718925,-9.9860075271033
392,392,19,-0.17066809993563095,-8.204177788413062
393,393,51,13.502059213156032,-14.135492373802094
394,394,53,-17.778164909596512,-6.190354643029603
395,395,26,-9.781869305963978,19.968519703494373
396,396,55,9.911599345174665,8.712347240974017
397,397,18,-10.529950977088298,-2.314677009297998
398,398,73,-0.8240067509388121,-19.02809221184516
399,399,27,-3.2290671403907805,20.650580577914994
400,400,64,-1.1923986471221524,9.277428683001089
401,401,28,9.611150123992912,4.182234108088388
402,402,55,-18.29126604291846,-2.8041031637214275
403,403,52,-0.06207654109177091,-8.627423634495354
404,404,59,-5.247743415563617,-4.308502522914182
405,405,55,-5.925810426106964,5.50478982787884
406,406,52,5.687275719380903,-17.264090662992917
407,407,76,10.945565298832356,-15.22449420355642
408,408,27,9.129418457621156,-18.487953037620073
409,409,55,15.842239590292346,-14.139730890033116
410,410,60,4.570936405893746,-3.0507551977333547
411,411,44,-8.410689602012017,-16.068405843470824
412,412,55,1.1718737201766203,7.574953710266015
413,413,55,8.133787122670917,3.068413606310844
414,414,46,-13.626039176466042,-15.418364890736214
415,415,68,-13.242350271237818,14.011912698180804
416,416,76,7.839062834477072,-20.08407911214689
417,417,74,6.185580355660685,-6.942476786383898
418,418,57,-18.078560408758356,-1.8519148491472364
419,419,64,-5.97052331635007,6.829186990932658
420,420,55,-9.095093012019053,6.7460830657523445
421,421,51,-15.222529251667101,4.489525120764879
422,422,40,4.662982255432305,-16.373529129156445
423,423,55,-2.397276438587377,19.903399667810394
424,424,48,7.907090124471714,8.417635031650319
425,425,37,7.869840832467732,5.085127841984688
426,426,43,-2.2514795975232262,20.805631676787485
427,427,60,-10.067906620454625,5.47003630447314
428,428,18,9.51613998133835,4.866922018661718
429,429,44,20.03865706703593,2.090760369002551
430,430,72,-7.266481344410325,-19.687545708471006
431,431,49,14.452996207125121,12.716408147546938
432,432,21,5.524283408381118,20.776553028091524
433,433,72,10.269109197041765,1.9569128086847845
434,434,30,-9.034125305939593,2.439946779373368
435,435,74,-10.494449504780645,-7.309484505336876
436,436,19,-8.053426420807497,-4.388575006436739
437,437,28,-4.450108330888187,9.110044380312933
438,438,45,-12.857983582222657,15.00462817655298
439,439,36,14.177975192173339,14.30951243806366
440,440,18,7.741504647102843,-6.542761145283259
441,441,25,20.659785787130588,-0.27249960997182154
442,442,22,1.6069699989788693,22.059113493826082
443,443,36,13.253410054724558,-5.341608307096086
444,444,31,-11.979367277889812,14.031495030632268
445,445,50,-0.4522261023222597,-8.869590060725976
446,446,57,15.78796282226274,14.924184464885329
447,447,56,9.359976775067295,14.09746192546697
448,448,51,-14.244956633312551,-3.083877283156977
449,449,25,20.183215058902118,8.087567671154815
450,450,46,0.25517112412105,-9.324927132019367
451,451,61,-10.84111584504221,2.5504628939528295
452,452,76,11.838158981825282,-11.874825763392487
453,453,30,18.756782278822413,10.451651377690085
454,454,42,9.333347683461756,-0.1529885891574943
455,455,46,-9.337635393849444,9.936160627142312
456,456,66,9.834071274350807,8.807500678901848
457,457,44,10.105613208962787,1.7565084475749848
458,458,63,18.291142789839803,2.754159056327299
459,459,63,1.6843999918630324,-19.63747603146252
460,460,32,-6.75762997893772,-4.480003610341338
461,461,30,-10.34138377005041,0.1688346379450531
462,462,69,-3.687647358228412,-7.5472739206365445
463,463,50,-9.768334875968975,3.923864608751513
464,464,37,-3.5337012123005476,-7.010467455495196
465,465,55,-12.354103108507266,13.773859896374095
466,466,51,-4.746537195078995,-8.15650415380009
467,467,51,6.345545216633225,10.534495416368909
468,468,61,-0.6547792711837114,-8.190460427306387
469,469,79,-23.354429024262178,2.2806572956800055
470,470,29,9.877863474203801,4.017319810086443
471,471,70,4.065456674686882,21.029547672419305
472,472,20,15.713206421363052,-1.2802969293247362
473,473,65,-18.062239928425218,10.046391722449917
474,474,67,-8.0241041462318,-4.091670204193405
475,475,38,-2.9861809472948977,12.034081734336318
476,476,53,1.3002372412961318,8.419530526948211
477,477,61,19.917350546662213,-0.3359036007791466
478,478,26,-5.365341748275178,10.803067069405888
479,479,23,-13.06265977090101,-6.938110616040735
480,480,77,3.518351515461795,-21.26785432861647
481,481,63,17.00372843279095,7.302248986221583
482,482,27,19.497641191905014,3.9826881191968457
483,483,19,-17.10039540348128,-13.250962188219688
484,484,39,-5.3707400438881825,4.078312593711155
485,485,51,10.615269823006008,0.40498576961679134
486,486,55,-2.724595891418545,-18.957832272883113
487,487,20,-19.03170667601355,-5.197542925386082
488,488,51,-4.362167290090515,6.719261874384887
489,489,21,-5.8385631230793855,18.490909077416205
490,490,45,-10.334624333799114,4.543630634785981
491,491,60,19.782988722912002,-9.045510269105055
492,492,36,22.184821419602365,5.793538947686075
493,493,25,-21.633721133677785,5.771209348461626
494,494,52,2.929679602006648,-7.769514112197511
495,495,39,-12.43682089403865,-16.37289967436031
496,496,40,-11.568266982744682,-18.002424492362778
497,497,64,13.513603958562136,15.745879496920336
498,498,22,13.193568403817629,-6.83457679534728
499,499,28,6.826048450585505,4.215836651215153
500,500,25,-11.504951681269425,19.03680557883436
501,501,39,-21.908211670475374,-9.593611350429804
502,502,78,-11.006832874562145,17.013411126069194
503,503,44,-17.122723976647436,-10.414833309232591
504,504,73,6.268745899671313,-9.214505536541406
505,505,38,-16.319532075187844,3.736950126434043
506,506,26,-0.32118819437128326,17.02678178827912
507,507,61,-13.907989420242847,-12.671449777004465
508,508,40,-3.2192755048084325,-8.60769265895566
509,509,37,15.660805768796964,-14.26104040088356
510,510,73,4.464711744358718,-7.625484231143829
511,511,21,-11.401174495384785,-16.060048685107915
512,512,54,-11.410779504110796,11.293221102653717
513,513,22,-13.647586482037426,13.48763558619494
514,514,69,-1.0241527102090697,-6.856255159917551
515,515,29,-20.041786435961754,3.24132501039571
516,516,69,-0.4406844424489778,7.733301585782112
517,517,79,-22.76586302404054,0.7740282038832971
518,518,74,3.392298027581418,-10.228374272355685
519,519,70,-0.7720864083609345,-18.65128638601504
520,520,26,-16.172938685526628,-15.886030811383495
521,521,22,3.112375780954509,-16.42617544075307
522,522,20,-15.168010127636798,-10.38638124895623
523,523,33,7.18451459958183,3.968253023705709
524,524,63,8.618161254261508,-5.842983635137586
525,525,77,7.55025730000232,8.650038944981883
526,526,62,1.9440418594619469,-8.619164269235458
527,527,49,-11.569550645052665,-3.0006414042388254
528,528,37,8.067703573542467,-17.053765931619587
529,529,34,21.300157278864063,-4.733671478998516
530,530,29,0.8877303006571402,19.603911341890253
531,531,41,-7.937144456053379,8.137197655035916
532,532,48,0.9544779912977852,-13.047700916108234
533,533,24,-6.42771355930145,-17.861358712934468
534,534,40,14.115899422255332,16.510210426536464
535,535,50,12.199233691687661,5.616005171086858
536,536,51,-12.655627713057813,8.900091811391
537,537,32,11.189901599818384,19.854156640622797
538,538,39,-8.712341284547211,7.349659627199618
539,539,22,6.240901215778887,18.160692963523235
540,540,30,9.04157115879072,-20.833929423535626
541,541,18,-13.304192190020181,3.4382536878555356
542,542,77,7.204461211892971,5.498304658934588
543,543,68,15.783846696197761,-8.949377570861149
544,544,62,-6.588674952032411,-17.080886006022542
545,545,32,5.451076122270051,17.654188729798918
546,546,18,-4.023947204836119,10.724556057685941
547,547,24,19.336858717962336,1.9112370876544342
548,548,70,8.148502530246192,-3.829951166521811
549,549,71,-18.668649553151518,-6.575901440699102
550,550,29,-10.96586957051285,-2.340266511925494
551,551,72,-7.208381727501017,6.80022451406883
552,552,58,19.08638579714016,-9.50842460901298
553,553,53,-7.159860385057008,8.920363841387886
554,554,19,-15.165678988948263,-14.385192612436132
555,555,46,-9.549141514039995,-3.669681478809879
556,556,51,-18.617533962744417,-0.673604263976477
557,557,48,-16.751116788741335,15.898599787161329
558,558,44,-20.082140460844386,1.0952771100790883
559,559,23,5.297308847379418,6.119249693036711
560,560,40,-4.717319777496852,21.381665604173566
561,561,65,4.422904945261843,7.083534809327978
562,562,78,18.549562247088602,5.497905134683392
563,563,40,-6.785875300595664,-19.451541693338726
564,564,53,4.726049589731932,-20.597482480271083
565,565,73,11.766696452941119,1.9802424843383424
566,566,69,-0.169858997423821,-22.43398974355785
567,567,31,-19.707150073919063,-7.2341204232920635
568,568,34,-1.3074845160400876,8.118129510787556
569,569,64,3.3559969326335066,19.877774358246466
570,570,60,9.485882907710714,17.293600624544318
571,571,52,1.2809320706131475,-8.614196723775555
572,572,36,-9.642464071081644,-19.020828947251733
573,573,63,21.57927172004538,-7.361849193302039
574,574,59,-16.049828499780673,-11.531121262631679
575,575,50,14.664717665308418,13.28969292458485
576,576,41,10.288489689504646,-17.972739151929776
577,577,21,-17.52344647150402,-11.678367573145925
578,578,42,-17.51439276154332,-10.575116567331893
579,579,26,17.655012769354812,13.167919767533396
580,580,32,-17.80128889935692,7.961658359143858
581,581,73,-4.763553517975765,-20.691872218218865
582,582,38,1.798850687121107,-8.819204629025732
583,583,49,13.963086239289835,15.173958283268195
584,584,21,-19.8874522473404,-3.2700001207112646
585,585,73,-5.3282267744974545,16.549170172472497
586,586,53,-6.632924508048472,10.665645519180893
587,587,44,-7.167970771148548,-4.16286680959487
588,588,22,-3.5440031441652953,-10.935734624920077
589,589,57,-16.332755824116163,-13.977208406690579
590,590,53,17.183785886573794,9.003092388627778
591,591,33,0.21014777300790197,8.87955232889246
592,592,33,-7.10453370143302,6.200726457431535
593,593,45,-2.941379125217363,12.825780919063433
594,594,26,13.489825472680527,-2.0899740467743295
595,595,30,-8.323596146374427,-2.6734475003879425
596,596,31,1.0782520494649055,-17.741527959055674
597,597,49,17.88071106902119,13.456373766367609
598,598,53,-1.590314262487257,10.316640405360397
599,599,64,15.677011722027999,-12.987371546597725
600,600,57,16.17613426751623,-6.965956301219451
601,601,58,-10.181757728776756,-4.3157605743775935
602,602,70,8.806196928470317,-7.114014372739313
603,603,35,3.0565430582650515,7.167912984839912
604,604,37,-4.321035042844688,-21.08823895026473
605,605,65,2.6806399798690523,7.454391514606636
606,606,18,0.7967760244602291,7.80081167813329
607,607,60,3.213404298180688,-16.83857730007478
608,608,28,15.850874440063087,-6.2112328165623465
609,609,63,11.504354859276773,16.098669658450028
610,610,40,-9.21876479281312,-1.858104905084953
611,611,36,7.59249323527134,-8.296594746206184
612,612,79,12.404455172278626,4.458152196009818
613,613,28,7.937089259517061,-6.52662683914187
614,614,56,-9.750863754827085,-0.06585229373963553
615,615,73,-3.3129950100195202,6.3553696792029
616,616,72,7.285766421481588,-13.568133807819159
617,617,78,-2.9376300208871635,20.915979460590517
618,618,59,14.078278770077524,-10.62528096154752
619,619,64,1.0169782133273897,-4.707841591394036
620,620,23,19.081119433659243,6.026952113711703
621,621,54,-1.3360363307804077,7.813990739181426
622,622,29,6.706538303601869,-5.490354307898029
623,623,55,5.857175665066029,-3.1639674050877487
624,624,72,-18.864419544581608,-5.8746288945084535
625,625,76,-18.56691525769334,8.337832701618318
626,626,73,-4.5400822388054145,-7.914543054257111
627,627,39,-24.63545247374087,1.0213547250830444
628,628,78,18.98138184927152,3.2771174677939605
629,629,58,-7.718073673259908,-17.804868166637537
630,630,55,10.161102292565324,-4.766638916833754
631,631,49,-1.9473208717306412,22.28094210253371
632,632,27,6.844737177846029,18.467152838329493
633,633,32,9.321082554713955,3.343291105394962
634,634,58,13.274210318042476,-18.763713237015374
635,635,62,-4.52262190984264,-5.651284633406859
636,636,56,-11.43234043398462,5.309549495229879
637,637,42,6.076495972916578,6.103528676199462
638,638,45,18.131948661112677,-6.60290228416056
639,639,43,13.377551891652345,13.673614092853551
640,640,27,19.96191124839082,-0.40038410592706797
641,641,60,-12.67152467751971,15.199880035210697
642,642,37,-2.277101842384055,-11.783423652129654
643,643,56,18.565648881424767,-12.493911964177805
644,644,69,17.6059011036357,9.456694733482617
645,645,60,2.984155989056103,-19.462273499828914
646,646,44,17.901684394955932,7.789411781911664
647,647,66,7.370710432330581,2.136593016694171
648,648,24,3.749137195137778,7.6033750917340726
649,649,35,13.076655847672697,4.569565315069654
650,650,50,18.412159596890557,0.30246050304451155
651,651,41,-10.295207026908553,16.296277560150983
652,652,26,11.472032986587008,19.648323236851407
653,653,53,2.651995372788255,-10.915710634486079
654,654,75,19.110256712416103,-2.219856418010536
655,655,49,17.31486856628713,4.949165386950324
656,656,48,-1.1996075907268673,-18.03631391947394
657,657,57,-7.30568684434128,1.798531039308402
658,658,35,8.217976778024214,-0.13910636891336398
659,659,57,-19.634370543994713,-3.1851604206833444
660,660,33,-0.7828633896242065,-13.11258962880926
661,661,75,-1.2249499969610333,-12.099668375830726
662,662,72,12.128776853493124,16.33792426951201
663,663,59,10.727518437711758,-2.916458103844502
664,664,45,5.0138017933764,-11.799436543667428
665,665,36,-17.13007882849306,1.2909187591766615
666,666,54,4.111744895528854,-6.31426221777367
667,667,63,5.260692779416352,-9.790928314176988
668,668,40,-9.105950739601184,-8.006953544246347
669,669,23,2.1680967370458006,10.322634745615506
670,670,36,2.9050460845892436,-20.290648374705537
671,671,31,11.901634901212603,-5.648375951670919
672,672,38,-10.400318547308204,-0.030319838046499667
673,673,33,-6.390153195511045,9.082953447845236
674,674,30,-10.646146800375975,0.8336437310755904
675,675,39,-9.813510241452201,3.65178475887837
676,676,38,7.80762903626155,-7.705085190108056
677,677,73,3.863614792490103,11.45336495864019
678,678,47,-6.077237302814773,2.089268100783605
679,679,22,-8.790976922102793,-2.1320976804054994
680,680,47,2.561448158624455,10.359901271978398
681,681,26,10.066789814309587,2.034684531770483
682,682,75,-7.320052161826892,17.111904813913632
683,683,25,-8.852607157024792,17.420627598358447
684,684,75,20.728362011241646,2.3983489233022586
685,685,41,12.023936495284808,3.562005905908911
686,686,42,6.835721205053737,-4.280830119803072
687,687,70,5.767212875214271,7.545902498159763
688,688,48,-9.007556357495194,-6.618087867692818
689,689,75,-4.630799855539967,-8.060271041598734
690,690,24,6.268212977452379,-1.6031917407613183
691,691,52,-4.373991808133981,-9.87102992711333
692,692,53,9.523457551408091,-21.481681839046075
693,693,75,-10.46162455424505,-20.525741745612333
694,694,29,19.170086155773973,-2.5393810690629803
695,695,63,15.300566958710796,-5.473943027285455
696,696,51,16.79750649520027,10.524212657199998
697,697,41,14.083787037560478,-10.920375111218185
698,698,59,-17.396666287132383,-10.411794180452222
699,699,45,-5.861889280358142,-18.295163550244553
700,700,19,6.889276265721643,13.60877945972768
701,701,51,-3.6775934820118703,-7.404935472770137
702,702,70,17.059138252396377,14.24171143396367
703,703,70,-17.08739736193715,-4.70712797147111
704,704,32,-12.753215254405468,8.781003844897786
705,705,27,-15.447544281465703,-8.45384600789397
706,706,55,2.48488659449574,-9.942128037190018
707,707,73,5.139535736282829,20.336942149487925
708,708,59,20.200535951305845,-8.618225804308567
709,709,47,9.519818285747082,-1.5574094847933653
710,710,36,11.37594672276671,-2.6875100834832946
711,711,70,9.121452990105606,0.18486076262117998
712,712,73,4.948608297260082,-9.468177783147455
713,713,53,0.4402050328349939,11.208239208676595
714,714,75,1.5449015988296484,-9.352247735852767
715,715,72,6.761670020939592,-3.198035945423405
716,716,47,-2.0211992298939,-22.340579626352337
717,717,23,-6.829415052142853,-11.217367244767061
718,718,23,-0.6337804485699519,22.355475080589457
719,719,76,-6.128864408418924,-1.6815451536828099
720,720,72,-6.152145442551795,-6.7703245110414585
721,721,21,-10.834221116314168,15.206647828939124
722,722,33,-3.311288382762489,-7.799109709294888
723,723,41,-6.49524591217741,-17.82318488407916
724,724,43,-9.772317641719964,19.38998039251227
725,725,30,-3.465224771579465,-10.799620520053034
726,726,46,10.908249504667548,-15.791437333635605
727,727,57,-18.807950092692998,7.255337913711049
728,728,56,-1.7637694461803977,-19.153743055216882
729,729,34,9.875651114011953,1.7107854361805281
730,730,77,-15.948905721676363,15.588383444720545
731,731,30,-10.868661214623799,1.6647911918927694
732,732,52,10.269158586209116,-7.470550405293784
733,733,47,-15.34732897438163,16.70691466156526
734,734,55,-6.52037614151353,-19.95852661721812
735,735,24,9.537420101350357,-18.27513422232452
736,736,34,10.495232547457704,-2.391272746227791
737,737,22,-7.4130253382332825,-7.162542438807298
738,738,71,4.0875409632428905,7.599204889552701
739,739,73,-14.079419307150683,-9.832076542777804
740,740,32,1.9176413666049743,14.300075510512277
741,741,57,4.819782761240855,8.321965189575455
742,742,21,15.685338516591674,-13.734666416712782
743,743,49,-2.1025259589444585,-8.743403502130903
744,744,75,-19.25117600755811,6.613628866269197
745,745,78,9.871047948743325,-0.7512327316547949
746,746,23,19.623271138015127,2.5401300435466085
747,747,30,-9.228178330478382,-16.301610131213035
748,748,78,-13.086935731517954,-14.191417444440864
749,749,25,5.233715132887142,-9.889356861839168
750,750,52,3.0214042061597777,20.60862011087375
751,751,51,15.074939186483308,13.678629596604708
752,752,31,19.351134562456224,6.6012606136569785
753,753,73,-0.15824487220557598,10.921452591207961
754,754,20,2.041950320801585,-11.869168642496124
755,755,41,-23.910469037598876,3.2956508132059605
756,756,31,-3.391093222833517,6.363263926026271
757,757,47,22.822591897352105,-1.1450469304854627
758,758,57,-9.014958568756409,3.4382914734269114
759,759,63,-19.92790749106448,-2.830254638997106
760,760,55,2.264306290317068,9.854186825787025
761,761,68,-7.771493382762525,-2.5737280005941883
762,762,35,19.578391683969627,6.939742589086323
763,763,47,-20.34166803111518,-6.418553930350451
764,764,76,-13.452544170025389,-0.5759547204936322
765,765,73,9.272493561121811,0.1243522275348477
766,766,33,17.176227808751467,10.549844905453131
767,767,79,19.612253876756938,-3.260869570148779
768,768,33,-15.551269554506737,14.542547175205385
769,769,56,3.5527556078026894,21.88134385940539
770,770,30,-14.724338591271504,-16.85623468862726
771,771,33,3.7285062266944813,7.51585200597093
772,772,28,0.8740365805683397,-12.229684423260752
773,773,70,5.602760780887481,9.584478318420107
774,774,53,-17.851293699435264,-9.622279357616682
775,775,42,-15.959394938541712,-12.879258872527853
776,776,30,7.85101004454922,5.812686570271496
777,777,30,-16.531998995934963,1.346038044843016
778,778,60,17.41331070549847,7.128846555677725
779,779,26,6.271275476472107,8.74472099114618
780,780,57,-4.01738410215449,-10.023750338857404
781,781,57,-9.446193047617225,-4.741806543439096
782,782,27,14.111843372607659,11.325346274427693
783,783,36,-14.78938564324511,-13.853300540393846
784,784,47,8.70916534790953,-0.5568382469501894
785,785,20,-6.457695446308865,12.656736674276816
786,786,60,-0.9129783556625809,-6.392073380323575
787,787,49,7.6593575153346,2.0038410188568543
788,788,69,4.5119200473049,-20.566508149464152
789,789,60,-19.33662439832421,0.7514578369361845
790,790,68,11.581467872720058,3.5949485400999
791,791,73,-9.528926873084258,-1.419273963763044
792,792,31,-6.699683317294278,-6.12314562002521
793,793,40,-6.182538185761136,20.234112369499822
794,794,62,4.126742312532909,7.457361261563382
795,795,20,3.8675378399433926,18.26884627473579
796,796,36,-8.46912404486138,1.0859438431065689
797,797,43,9.640515947460134,2.6872923519535297
798,798,51,-14.458507618892808,11.523341566341465
799,799,39,-4.267590975849834,17.37027834303511
800,800,57,13.640951792543385,13.391170894259549
801,801,18,-4.596293388714977,11.743668793959332
802,802,79,-1.7446284301667037,-11.057944015690877
803,803,53,-14.815557288616459,-12.166556964883327
804,804,73,11.965378059182223,-16.711232278516608
805,805,27,-3.508443934507145,-13.069857465082563
806,806,52,3.693195121140984,8.509917282280297
807,807,68,4.2902391283586,7.5067647175549475
808,808,27,1.6252684057169926,-12.804912117027111
809,809,70,-7.367736707274359,-5.851466956977509
810,810,45,-6.6534677459911205,9.52178313313552
811,811,28,4.874490418342844,22.417726359444522
812,812,21,19.063355920301653,5.146592377836065
813,813,58,-6.582112394196825,-4.373294122208212
814,814,35,0.36307579581512595,10.229154825935439
815,815,65,0.4266275620384233,6.2351116893706156
816,816,68,22.432595781827956,-4.611298146790179
817,817,64,2.595871467922465,-6.320666167086102
818,818,34,13.93187090156468,-14.80302027928052
819,819,35,6.464700046152963,-2.8735967555108273
820,820,62,7.343493424294785,-2.670243897551453
821,821,35,10.32034804561571,15.362590925354652
822,822,71,-9.818311446790208,0.7950423531637172
823,823,39,9.786664515154298,-0.3733375203923167
824,824,37,-10.578151135673298,2.035978384418745
825,825,20,-16.654245020310785,14.90475995845097
826,826,24,9.711417779365622,0.8969533761296864
827,827,45,18.447798498724225,4.519791846426665
828,828,43,-10.937298356470404,3.2862676046406376
829,829,31,-11.103682558196082,1.1160884217128297
830,830,64,-17.75209477655151,9.002283056822812
831,831,70,6.3086629269403645,-5.596763463812946
832,832,51,1.1970263286850849,-13.878042849299101
833,833,76,-3.3691810106109092,10.394622626627756
834,834,73,-19.075558173464287,2.9805452125247927
835,835,35,-12.055300158488723,9.444150607302257
836,836,62,-10.104413266710635,0.03632021572730071
837,837,64,-5.490814190000743,4.009005420110298
838,838,62,-21.650383333177988,2.069676089972736
839,839,72,9.494932970942012,-3.341582292105356
840,840,73,14.9631537000237,15.467064271150539
841,841,77,-8.484588512551653,-6.036357041048359
842,842,39,-12.013757009051922,3.217214442578855
843,843,37,-5.63696492439467,-5.72292527081652
844,844,21,-9.93388918732286,18.40893519432642
845,845,65,19.799167352354928,-8.402917292133035
846,846,60,18.46385776772068,10.81913355899102
847,847,21,-8.81529598138388,-16.785484627825085
848,848,23,9.729592717980243,-1.1078524711567423
849,849,42,18.205201980925647,10.698518107740613
850,850,65,-0.16172580485956822,-9.371596349946362
851,851,48,-17.5978077366072,11.183162066119083
852,852,33,-18.31767884443658,11.888123836223992
853,853,66,6.082856799755411,-17.943421354703545
854,854,30,6.695987428858868,-13.275307196892081
855,855,72,5.816913105172804,-5.826310895858128
856,856,72,8.714533032404251,-14.96877072459219
857,857,69,11.18457087067231,-14.151402958532142
858,858,68,-3.758401505966817,8.473321836629896
859,859,53,19.50295370035667,-10.60018926225083
860,860,20,4.62443323897163,20.761055715424327
861,861,77,4.160877390527635,-8.220403965558413
862,862,58,5.399371992077038,-7.981837387160978
863,863,68,-1.8001096952356073,-8.280218097383033
864,864,42,-12.943221793223966,12.365849006464597
865,865,76,-9.716697754091406,18.921959128916594
866,866,29,12.12324757203338,-7.061193455484201
867,867,29,6.8965735370957,3.9137481739380995
868,868,18,17.525105013013313,-5.876010529381802
869,869,74,1.633704972586564,-20.525930721125107
870,870,51,-0.6949302831089871,7.6941468646995475
871,871,21,4.968497062990453,8.486839195015218
872,872,79,12.90907352196432,16.652794109122485
873,873,66,-7.015650838235534,-4.423123733736057
874,874,77,-20.92456396147108,11.208004929114015
875,875,34,-13.040852335392763,-15.121017774759517
876,876,40,-8.925090443244471,-0.6643644307446315
877,877,72,1.92572004188492,9.771354170801308
878,878,69,-13.313206517447183,-13.086807602317158
879,879,19,6.958743518612362,-6.598435028919912
880,880,40,-8.61551865683688,-20.99209196451358
881,881,38,-2.7030520238727593,-8.455694744247971
882,882,22,7.20657426439478,-9.630942512370193
883,883,32,6.190485864249446,-16.790201074081935
884,884,36,8.793293790242679,6.519916631270258
885,885,40,21.001335260553674,-2.9650680033482035
886,886,68,6.682873793499943,-3.9809669152612175
887,887,23,-11.885686067424592,-2.094956190460843
888,888,60,-2.6253775710028515,-11.210996469758925
889,889,73,-6.17133887380687,5.376955204878183
890,890,23,-6.474779239346753,-19.509882909230477
891,891,20,-9.500184862831277,-0.43952942708609655
892,892,29,-8.35450868742684,17.632795368835104
893,893,23,-11.923586806135532,8.005414572295791
894,894,56,7.638027622175112,19.463062891416815
895,895,30,8.741900224648052,1.8347017029354673
896,896,30,-1.8852282974964338,-17.649476088414875
897,897,39,-12.544923881414308,9.482712419192158
898,898,76,-5.660343884493324,13.193663813677654
899,899,76,-0.37479160723799143,-8.059209059202008
900,900,36,-37.380506586942694,23.081708482922913
901,901,62,32.373768040640215,4.572805937108688
902,902,76,-18.72548453767002,-29.543900514321546
903,903,74,32.28100827198294,-15.959899651870932
904,904,30,-2.985551451979367,19.647201153200164
905,905,68,-24.747426927741483,-2.5746028800937992
906,906,21,15.301543003092801,26.80936404781301
907,907,46,31.355281535182293,-19.893191887626305
908,908,22,-12.802159532518012,4.310121203499273
909,909,39,-14.698259434551737,28.691941179332066
910,910,51,1.0632813029512178,-36.02540944085858
911,911,67,-13.194932031076174,34.627951807724166
912,912,27,34.92650801347931,-24.895975488724346
913,913,65,-7.539421379150966,-18.004680182954562
914,914,18,-36.641431488137066,33.541433355999146
915,915,66,-23.424379286416624,18.017666995273814
916,916,23,-31.994857342088785,20.313694208831503
917,917,51,31.158095814089315,5.29564217147346
918,918,63,6.426592652906109,-13.036509878891076
919,919,72,-11.87989737690172,33.07722831490678
920,920,37,-5.955156192125344,14.08396389992653
921,921,41,6.471686849971956,-15.974341933198462
922,922,34,0.46352432874627425,-7.001841945625715
923,923,50,11.153968700972978,-6.2733921433837825
924,924,64,6.867521680022843,-35.574835205329656
925,925,68,-10.192049277903488,-15.292242946689605
926,926,76,-11.504690974044562,-33.66462997605825
927,927,55,3.120387640280935,16.978995144755693
928,928,27,-17.410957784341825,30.611477134362843
929,929,46,-4.601134206247499,-4.657819238824699
930,930,55,-0.6777301650923917,34.082208904004574
931,931,33,-34.671925229485396,-36.95360807419882
932,932,78,-19.17602206457226,0.13550989385962886
933,933,43,-6.4878155347015465,-3.426830803697678
934,934,19,-30.692874674753696,18.374753686212195
935,935,58,34.63913579011303,7.489158416512343
936,936,68,-31.716896019867047,17.961806222290136
937,937,53,-37.046484218548564,-10.404546370442604
938,938,58,11.564772668026162,10.72201885193925
939,939,27,-16.800735615787072,11.009098986363473
940,940,33,-29.039820784877595,-36.47630363731379
941,941,21,-15.71158681051644,-16.217979287908165
942,942,60,-7.356374194497013,-11.115717783891128
943,943,18,-24.78388608348279,13.198818456773598
944,944,20,15.616727289802279,7.222803799986481
945,945,29,-2.395718035649761,35.26810287463826
946,946,58,13.690072720780684,39.91249072480333
947,947,75,-19.649190828127256,-26.456407961329358
948,948,35,10.927387436787743,-2.9923418445376093
949,949,67,19.637865168560566,30.049394628302597
950,950,66,-28.205115464611072,-3.8808712237583265
951,951,26,-38.33898728365337,-38.051647069454695
952,952,78,-23.138954544257757,-37.48019326188682
953,953,75,16.896295031412734,7.706429261637018
954,954,72,10.502520439636642,-24.201470964831877
955,955,27,15.363247512378049,35.20974011850886
956,956,42,28.78477428663773,-17.124586162868248
957,957,26,-21.50702295287296,28.543160808820687
958,958,35,22.685861408859964,-17.997455614142844
959,959,53,-36.9222966637604,9.434034380150704
960,960,44,7.899861471962701,-31.17812555245683
961,961,37,25.297122497367567,-6.37495110302793
962,962,49,-0.4320963049104165,-2.657861143359339
963,963,73,-2.0195120457650617,-6.7790416348467275
964,964,39,-35.68519060454669,9.312797034171147
965,965,43,21.445398369262605,-23.31502458225068
966,966,34,-13.582747092285548,9.707179003698982
967,967,41,10.116079567734504,-14.420480686614106
968,968,54,-32.595516592267586,-34.5966422356683
969,969,54,34.04171097162746,-20.950875403797788
970,970,69,11.628452778461043,9.57482705481885
971,971,24,21.198650671608085,-19.302194578281345
972,972,36,24.857941540009996,-8.59877912492883
973,973,37,32.40784128912785,12.401611641180006
974,974,25,-26.838327254343906,10.248167176266705
975,975,52,39.617837921701536,0.2668301197279277
976,976,22,-13.326734771056366,-32.11230137024722
977,977,48,-30.90173046054356,6.258079581734277
978,978,75,23.46738625190386,7.626889597889033
979,979,20,8.975292153420122,-10.736864004472775
980,980,41,18.108175631138394,-18.659864540882936
981,981,54,5.829056204484582,-39.07630800303093
982,982,36,29.2910730812548,-14.176915793771938
983,983,31,-7.711802574790552,-1.8696305739760621
984,984,29,-6.238431302574101,-34.62004956400155
985,985,30,11.362743581142345,-18.23290062828309
986,986,26,23.88080652135819,27.717996983216608
987,987,58,-34.92738123331219,-5.1494750154422775
988,988,64,35.329817228332146,14.28096852439225
989,989,50,-2.0408076211317017,-19.6567169901543
990,990,55,-14.357109965551365,-2.440689192619372
991,991,70,-38.825058932804595,-25.25191698100852
992,992,57,-16.47070654870415,-14.302508464498924
993,993,56,28.77280397152692,-35.00501913835946
994,994,37,39.53175691343905,0.009352224781213891
995,995,59,-22.09659793285944,-1.5766986351991097
996,996,35,-39.546455429291,-6.85218782105351
997,997,48,-11.54504988559915,-2.570801246876364
998,998,65,8.543718292518045,-23.292511855706096
999,999,53,-10.639864786925273,17.268895185801377
